release,deps,config,kind,stage,repeat,seconds,max_rss_mb,periods,congested
v1.0.0,era,bcp_ks,cli,total,0,16.770967041986296,180.515625,28,14
v1.0.0,era,bcp_ks,stage,import,0,0.6122907499957364,nan,28,14
v1.0.0,era,bcp_ks,stage,load,0,0.014704332977999002,nan,28,14
v1.0.0,era,bcp_ks,stage,change_points,0,15.45909933297662,nan,28,14
v1.0.0,era,bcp_ks,stage,latency_jumps,0,0.0003337920061312616,nan,28,14
v1.0.0,era,bcp_ks,stage,jitter,0,0.1342069999955129,nan,28,14
v1.0.0,era,bcp_ks,stage,inference,0,1.2917007552459836e-05,nan,28,14
v1.0.0,era,bcp_ks,stage,other,0,0.0001791250251699239,nan,28,14
v1.0.0,era,bcp_ks,cli,total,1,16.621417083020788,179.046875,28,14
v1.0.0,era,bcp_ks,stage,import,1,0.5971114169806242,nan,28,14
v1.0.0,era,bcp_ks,stage,load,1,0.013100250012939796,nan,28,14
v1.0.0,era,bcp_ks,stage,change_points,1,15.506855000014184,nan,28,14
v1.0.0,era,bcp_ks,stage,latency_jumps,1,0.00032979200477711856,nan,28,14
v1.0.0,era,bcp_ks,stage,jitter,1,0.13761012500617653,nan,28,14
v1.0.0,era,bcp_ks,stage,inference,1,1.3874989235773683e-05,nan,28,14
v1.0.0,era,bcp_ks,stage,other,1,0.0002372909802943468,nan,28,14
v1.0.0,era,bcp_ks,cli,total,2,16.579246875015087,177.921875,28,14
v1.0.0,era,bcp_ks,stage,import,2,0.6747292910004035,nan,28,14
v1.0.0,era,bcp_ks,stage,load,2,0.013008957990678027,nan,28,14
v1.0.0,era,bcp_ks,stage,change_points,2,15.60517841600813,nan,28,14
v1.0.0,era,bcp_ks,stage,latency_jumps,2,0.0003295420028734952,nan,28,14
v1.0.0,era,bcp_ks,stage,jitter,2,0.13734683298389427,nan,28,14
v1.0.0,era,bcp_ks,stage,inference,2,1.5375000657513738e-05,nan,28,14
v1.0.0,era,bcp_ks,stage,other,2,0.00028541701612994075,nan,28,14
v1.0.0,era,bcp_ks,cli,total,3,16.64232462499058,179.453125,28,14
v1.0.0,era,bcp_ks,cli,total,4,16.520292625005823,178.203125,28,14
v2.1.0,era,bcp_ks,cli,total,0,8.554536208015634,505.40625,28,14
v2.1.0,era,bcp_ks,stage,import,0,0.7617336249968503,nan,28,14
v2.1.0,era,bcp_ks,stage,load,0,0.12071308301528916,nan,28,14
v2.1.0,era,bcp_ks,stage,change_points,0,0.8058526249951683,nan,28,14
v2.1.0,era,bcp_ks,stage,latency_jumps,0,0.0007125000120140612,nan,28,14
v2.1.0,era,bcp_ks,stage,jitter,0,0.12936912500299513,nan,28,14
v2.1.0,era,bcp_ks,stage,inference,0,0.00011166700278408825,nan,28,14
v2.1.0,era,bcp_ks,stage,other,0,0.05475762495188974,nan,28,14
v2.1.0,era,bcp_ks,cli,total,1,2.7788501660106704,469.96875,28,14
v2.1.0,era,bcp_ks,stage,import,1,0.7233231249847449,nan,28,14
v2.1.0,era,bcp_ks,stage,load,1,0.18051679199561477,nan,28,14
v2.1.0,era,bcp_ks,stage,change_points,1,0.794420624995837,nan,28,14
v2.1.0,era,bcp_ks,stage,latency_jumps,1,0.0007113750034477562,nan,28,14
v2.1.0,era,bcp_ks,stage,jitter,1,0.13004295801511034,nan,28,14
v2.1.0,era,bcp_ks,stage,inference,1,0.00011333299335092306,nan,28,14
v2.1.0,era,bcp_ks,stage,other,1,0.05701849999604747,nan,28,14
v2.1.0,era,bcp_ks,cli,total,2,2.8521176249778364,473.28125,28,14
v2.1.0,era,bcp_ks,stage,import,2,0.7047363750170916,nan,28,14
v2.1.0,era,bcp_ks,stage,load,2,0.12307175001478754,nan,28,14
v2.1.0,era,bcp_ks,stage,change_points,2,0.790360667015193,nan,28,14
v2.1.0,era,bcp_ks,stage,latency_jumps,2,0.0007002080092206597,nan,28,14
v2.1.0,era,bcp_ks,stage,jitter,2,0.12889300001552328,nan,28,14
v2.1.0,era,bcp_ks,stage,inference,2,0.00010929099516943097,nan,28,14
v2.1.0,era,bcp_ks,stage,other,2,0.05586687594768591,nan,28,14
v2.1.0,era,bcp_ks,cli,total,3,2.9650233749998733,468.84375,28,14
v2.1.0,era,bcp_ks,cli,total,4,2.8075035419897176,469.921875,28,14
v2.1.0,era,ruptures_ks,cli,total,0,2.4855921249836683,267.5625,22,11
v2.1.0,era,ruptures_ks,stage,import,0,0.7647759170213249,nan,22,11
v2.1.0,era,ruptures_ks,stage,load,0,0.10583941600634716,nan,22,11
v2.1.0,era,ruptures_ks,stage,change_points,0,0.05617320898454636,nan,22,11
v2.1.0,era,ruptures_ks,stage,latency_jumps,0,0.0005825419793836772,nan,22,11
v2.1.0,era,ruptures_ks,stage,jitter,0,0.11960208299569786,nan,22,11
v2.1.0,era,ruptures_ks,stage,inference,0,9.1583002358675e-05,nan,22,11
v2.1.0,era,ruptures_ks,stage,other,0,0.05578566703479737,nan,22,11
v2.1.0,era,ruptures_ks,cli,total,1,1.3138818750157952,252.21875,22,11
v2.1.0,era,ruptures_ks,stage,import,1,0.6891136659833137,nan,22,11
v2.1.0,era,ruptures_ks,stage,load,1,0.10522212498472072,nan,22,11
v2.1.0,era,ruptures_ks,stage,change_points,1,0.05625716701615602,nan,22,11
v2.1.0,era,ruptures_ks,stage,latency_jumps,1,0.0006897500134073198,nan,22,11
v2.1.0,era,ruptures_ks,stage,jitter,1,0.12105729200993665,nan,22,11
v2.1.0,era,ruptures_ks,stage,inference,1,8.800000068731606e-05,nan,22,11
v2.1.0,era,ruptures_ks,stage,other,1,0.05654704096377827,nan,22,11
v2.1.0,era,ruptures_ks,cli,total,2,1.3436950420145877,261.71875,22,11
v2.1.0,era,ruptures_ks,stage,import,2,0.692811624991009,nan,22,11
v2.1.0,era,ruptures_ks,stage,load,2,0.10406612500082701,nan,22,11
v2.1.0,era,ruptures_ks,stage,change_points,2,0.053658666991395876,nan,22,11
v2.1.0,era,ruptures_ks,stage,latency_jumps,2,0.0005615000263787806,nan,22,11
v2.1.0,era,ruptures_ks,stage,jitter,2,0.11649829198722728,nan,22,11
v2.1.0,era,ruptures_ks,stage,inference,2,8.72919918037951e-05,nan,22,11
v2.1.0,era,ruptures_ks,stage,other,2,0.054673998994985595,nan,22,11
v2.1.0,era,ruptures_ks,cli,total,3,1.3391052079969086,251.8125,22,11
v2.1.0,era,ruptures_ks,cli,total,4,1.3009419580048416,261.71875,22,11
v2.1.1,era,bcp_ks,cli,total,0,8.808054082997842,508.3125,28,14
v2.1.1,era,bcp_ks,stage,import,0,0.7045109999889974,nan,28,14
v2.1.1,era,bcp_ks,stage,load,0,0.12085812501027249,nan,28,14
v2.1.1,era,bcp_ks,stage,change_points,0,0.8023327919945586,nan,28,14
v2.1.1,era,bcp_ks,stage,latency_jumps,0,0.0006986660009715706,nan,28,14
v2.1.1,era,bcp_ks,stage,jitter,0,0.12916941699222662,nan,28,14
v2.1.1,era,bcp_ks,stage,inference,0,0.0001250420173164457,nan,28,14
v2.1.1,era,bcp_ks,stage,other,0,0.0550873739994131,nan,28,14
v2.1.1,era,bcp_ks,cli,total,1,2.799404749996029,471.96875,28,14
v2.1.1,era,bcp_ks,stage,import,1,0.6969053750217427,nan,28,14
v2.1.1,era,bcp_ks,stage,load,1,0.12299574998905882,nan,28,14
v2.1.1,era,bcp_ks,stage,change_points,1,0.8110040410247166,nan,28,14
v2.1.1,era,bcp_ks,stage,latency_jumps,1,0.0007259169942699373,nan,28,14
v2.1.1,era,bcp_ks,stage,jitter,1,0.12936945899855345,nan,28,14
v2.1.1,era,bcp_ks,stage,inference,1,0.00010870801634155214,nan,28,14
v2.1.1,era,bcp_ks,stage,other,1,0.05481329097528942,nan,28,14
v2.1.1,era,bcp_ks,cli,total,2,2.867256291996455,470.546875,28,14
v2.1.1,era,bcp_ks,stage,import,2,0.6905027920147404,nan,28,14
v2.1.1,era,bcp_ks,stage,load,2,0.12385029200231656,nan,28,14
v2.1.1,era,bcp_ks,stage,change_points,2,0.7823686669871677,nan,28,14
v2.1.1,era,bcp_ks,stage,latency_jumps,2,0.000741666997782886,nan,28,14
v2.1.1,era,bcp_ks,stage,jitter,2,0.12959408402093686,nan,28,14
v2.1.1,era,bcp_ks,stage,inference,2,0.0001552079920656979,nan,28,14
v2.1.1,era,bcp_ks,stage,other,2,0.05499391499324702,nan,28,14
v2.1.1,era,bcp_ks,cli,total,3,2.81417583298753,472.90625,28,14
v2.1.1,era,bcp_ks,cli,total,4,2.795355042006122,469.734375,28,14
v2.1.1,era,ruptures_ks,cli,total,0,2.491391916992143,263.46875,22,11
v2.1.1,era,ruptures_ks,stage,import,0,0.7435397910012398,nan,22,11
v2.1.1,era,ruptures_ks,stage,load,0,0.107584958022926,nan,22,11
v2.1.1,era,ruptures_ks,stage,change_points,0,0.05522995800129138,nan,22,11
v2.1.1,era,ruptures_ks,stage,latency_jumps,0,0.0005594170070253313,nan,22,11
v2.1.1,era,ruptures_ks,stage,jitter,0,0.11892112498753704,nan,22,11
v2.1.1,era,ruptures_ks,stage,inference,0,8.975001401267946e-05,nan,22,11
v2.1.1,era,ruptures_ks,stage,other,0,0.05553954196511768,nan,22,11
v2.1.1,era,ruptures_ks,cli,total,1,1.3141739999991842,261.359375,22,11
v2.1.1,era,ruptures_ks,stage,import,1,0.7210922500235029,nan,22,11
v2.1.1,era,ruptures_ks,stage,load,1,0.1077965000004042,nan,22,11
v2.1.1,era,ruptures_ks,stage,change_points,1,0.05509366700425744,nan,22,11
v2.1.1,era,ruptures_ks,stage,latency_jumps,1,0.0005564999883063138,nan,22,11
v2.1.1,era,ruptures_ks,stage,jitter,1,0.11750587497954257,nan,22,11
v2.1.1,era,ruptures_ks,stage,inference,1,8.666698704473674e-05,nan,22,11
v2.1.1,era,ruptures_ks,stage,other,1,0.05576504106284119,nan,22,11
v2.1.1,era,ruptures_ks,cli,total,2,1.3109007079910953,258.53125,22,11
v2.1.1,era,ruptures_ks,stage,import,2,0.6892762920178939,nan,22,11
v2.1.1,era,ruptures_ks,stage,load,2,0.10475245799170807,nan,22,11
v2.1.1,era,ruptures_ks,stage,change_points,2,0.05526333401212469,nan,22,11
v2.1.1,era,ruptures_ks,stage,latency_jumps,2,0.0006072499963920563,nan,22,11
v2.1.1,era,ruptures_ks,stage,jitter,2,0.11660541599849239,nan,22,11
v2.1.1,era,ruptures_ks,stage,inference,2,9.374998626299202e-05,nan,22,11
v2.1.1,era,ruptures_ks,stage,other,2,0.05564537501777522,nan,22,11
v2.1.1,era,ruptures_ks,cli,total,3,1.3445368339889683,262.640625,22,11
v2.1.1,era,ruptures_ks,cli,total,4,1.3310912500019185,260.25,22,11
v2.2.0,era,bcp_ks,cli,total,0,8.696876917005284,503.96875,28,14
v2.2.0,era,bcp_ks,stage,import,0,0.7003838749951683,nan,28,14
v2.2.0,era,bcp_ks,stage,load,0,0.12204195800586604,nan,28,14
v2.2.0,era,bcp_ks,stage,change_points,0,0.8533835829875898,nan,28,14
v2.2.0,era,bcp_ks,stage,latency_jumps,0,0.0007098750211298466,nan,28,14
v2.2.0,era,bcp_ks,stage,jitter,0,0.13296270798309706,nan,28,14
v2.2.0,era,bcp_ks,stage,inference,0,0.00011283400817774236,nan,28,14
v2.2.0,era,bcp_ks,stage,other,0,0.05700354199507274,nan,28,14
v2.2.0,era,bcp_ks,cli,total,1,2.7636713749961928,472.234375,28,14
v2.2.0,era,bcp_ks,stage,import,1,0.6956756659783423,nan,28,14
v2.2.0,era,bcp_ks,stage,load,1,0.1219039999996312,nan,28,14
v2.2.0,era,bcp_ks,stage,change_points,1,0.9815135000098962,nan,28,14
v2.2.0,era,bcp_ks,stage,latency_jumps,1,0.0007114160107448697,nan,28,14
v2.2.0,era,bcp_ks,stage,jitter,1,0.13381979099358432,nan,28,14
v2.2.0,era,bcp_ks,stage,inference,1,0.00011233301484026015,nan,28,14
v2.2.0,era,bcp_ks,stage,other,1,0.05452945997240022,nan,28,14
v2.2.0,era,bcp_ks,cli,total,2,2.821369167009834,472.578125,28,14
v2.2.0,era,bcp_ks,stage,import,2,0.6905928750056773,nan,28,14
v2.2.0,era,bcp_ks,stage,load,2,0.12350195899489336,nan,28,14
v2.2.0,era,bcp_ks,stage,change_points,2,0.9399894580128603,nan,28,14
v2.2.0,era,bcp_ks,stage,latency_jumps,2,0.0007034580048639327,nan,28,14
v2.2.0,era,bcp_ks,stage,jitter,2,0.12990854200324975,nan,28,14
v2.2.0,era,bcp_ks,stage,inference,2,0.00012004098971374333,nan,28,14
v2.2.0,era,bcp_ks,stage,other,2,0.05641754198586568,nan,28,14
v2.2.0,era,bcp_ks,cli,total,3,2.8069883749994915,471.296875,28,14
v2.2.0,era,bcp_ks,cli,total,4,2.8734554999973625,473.578125,28,14
v2.2.0,era,ruptures_ks,cli,total,0,2.468214624997927,269.046875,22,11
v2.2.0,era,ruptures_ks,stage,import,0,0.7230432080104947,nan,22,11
v2.2.0,era,ruptures_ks,stage,load,0,0.1625597500242293,nan,22,11
v2.2.0,era,ruptures_ks,stage,change_points,0,0.06016366698895581,nan,22,11
v2.2.0,era,ruptures_ks,stage,latency_jumps,0,0.000567917013540864,nan,22,11
v2.2.0,era,ruptures_ks,stage,jitter,0,0.12761041699559428,nan,22,11
v2.2.0,era,ruptures_ks,stage,inference,0,9.58339951466769e-05,nan,22,11
v2.2.0,era,ruptures_ks,stage,other,0,0.061482539982534945,nan,22,11
v2.2.0,era,ruptures_ks,cli,total,1,1.34066391599481,259.203125,22,11
v2.2.0,era,ruptures_ks,stage,import,1,0.699506625009235,nan,22,11
v2.2.0,era,ruptures_ks,stage,load,1,0.10653241601539776,nan,22,11
v2.2.0,era,ruptures_ks,stage,change_points,1,0.05561199999647215,nan,22,11
v2.2.0,era,ruptures_ks,stage,latency_jumps,1,0.0006249579892028123,nan,22,11
v2.2.0,era,ruptures_ks,stage,jitter,1,0.11828654201235622,nan,22,11
v2.2.0,era,ruptures_ks,stage,inference,1,0.00023954201606102288,nan,22,11
v2.2.0,era,ruptures_ks,stage,other,1,0.0561412499519065,nan,22,11
v2.2.0,era,ruptures_ks,cli,total,2,1.302259749994846,259.140625,22,11
v2.2.0,era,ruptures_ks,stage,import,2,0.6911579590232577,nan,22,11
v2.2.0,era,ruptures_ks,stage,load,2,0.10861816699616611,nan,22,11
v2.2.0,era,ruptures_ks,stage,change_points,2,0.05654483300168067,nan,22,11
v2.2.0,era,ruptures_ks,stage,latency_jumps,2,0.0005584169994108379,nan,22,11
v2.2.0,era,ruptures_ks,stage,jitter,2,0.12058087499463,nan,22,11
v2.2.0,era,ruptures_ks,stage,inference,2,8.879200322553515e-05,nan,22,11
v2.2.0,era,ruptures_ks,stage,other,2,0.057016499020392075,nan,22,11
v2.2.0,era,ruptures_ks,cli,total,3,1.3550277919857763,252.921875,22,11
v2.2.0,era,ruptures_ks,cli,total,4,1.3060909589985386,263.703125,22,11
v2.3.0,era,bcp_ks,cli,total,0,8.83926362497732,504.546875,28,14
v2.3.0,era,bcp_ks,stage,import,0,0.7774910409934819,nan,28,14
v2.3.0,era,bcp_ks,stage,load,0,0.12234108400298283,nan,28,14
v2.3.0,era,bcp_ks,stage,change_points,0,0.8026954169909004,nan,28,14
v2.3.0,era,bcp_ks,stage,latency_jumps,0,0.0006939579907339066,nan,28,14
v2.3.0,era,bcp_ks,stage,jitter,0,0.12907845800509676,nan,28,14
v2.3.0,era,bcp_ks,stage,inference,0,0.00011379100033082068,nan,28,14
v2.3.0,era,bcp_ks,stage,other,0,0.05576633400050923,nan,28,14
v2.3.0,era,bcp_ks,cli,total,1,2.7599643749999814,467.734375,28,14
v2.3.0,era,bcp_ks,stage,import,1,0.7171139999991283,nan,28,14
v2.3.0,era,bcp_ks,stage,load,1,0.12425004201941192,nan,28,14
v2.3.0,era,bcp_ks,stage,change_points,1,0.800942165980814,nan,28,14
v2.3.0,era,bcp_ks,stage,latency_jumps,1,0.0007155000057537109,nan,28,14
v2.3.0,era,bcp_ks,stage,jitter,1,0.1303889589908067,nan,28,14
v2.3.0,era,bcp_ks,stage,inference,1,0.00010999999358318746,nan,28,14
v2.3.0,era,bcp_ks,stage,other,1,0.05551466598990373,nan,28,14
v2.3.0,era,bcp_ks,cli,total,2,2.9454712500155438,474.0625,28,14
v2.3.0,era,bcp_ks,stage,import,2,0.7954642499971669,nan,28,14
v2.3.0,era,bcp_ks,stage,load,2,0.12339020799845457,nan,28,14
v2.3.0,era,bcp_ks,stage,change_points,2,0.8156636659987271,nan,28,14
v2.3.0,era,bcp_ks,stage,latency_jumps,2,0.000718166003935039,nan,28,14
v2.3.0,era,bcp_ks,stage,jitter,2,0.12991829100064933,nan,28,14
v2.3.0,era,bcp_ks,stage,inference,2,0.00011204200563952327,nan,28,14
v2.3.0,era,bcp_ks,stage,other,2,0.05558612698223442,nan,28,14
v2.3.0,era,bcp_ks,cli,total,3,2.987013541016495,467.921875,28,14
v2.3.0,era,bcp_ks,cli,total,4,2.7800803749996703,469.609375,28,14
v2.3.0,era,ruptures_ks,cli,total,0,2.4359657499880996,264.140625,22,11
v2.3.0,era,ruptures_ks,stage,import,0,0.7109632920182776,nan,22,11
v2.3.0,era,ruptures_ks,stage,load,0,0.10923354199621826,nan,22,11
v2.3.0,era,ruptures_ks,stage,change_points,0,0.058313708985224366,nan,22,11
v2.3.0,era,ruptures_ks,stage,latency_jumps,0,0.0005669580132234842,nan,22,11
v2.3.0,era,ruptures_ks,stage,jitter,0,0.12067566701443866,nan,22,11
v2.3.0,era,ruptures_ks,stage,inference,0,9.091701940633357e-05,nan,22,11
v2.3.0,era,ruptures_ks,stage,other,0,0.05794853996485472,nan,22,11
v2.3.0,era,ruptures_ks,cli,total,1,1.3206177089887206,254.71875,22,11
v2.3.0,era,ruptures_ks,stage,import,1,0.7022379580012057,nan,22,11
v2.3.0,era,ruptures_ks,stage,load,1,0.1068037090008147,nan,22,11
v2.3.0,era,ruptures_ks,stage,change_points,1,0.054484750027768314,nan,22,11
v2.3.0,era,ruptures_ks,stage,latency_jumps,1,0.0005996660038363189,nan,22,11
v2.3.0,era,ruptures_ks,stage,jitter,1,0.11707854099222459,nan,22,11
v2.3.0,era,ruptures_ks,stage,inference,1,8.749999688006938e-05,nan,22,11
v2.3.0,era,ruptures_ks,stage,other,1,0.05606075096875429,nan,22,11
v2.3.0,era,ruptures_ks,cli,total,2,1.3531263330078218,264.609375,22,11
v2.3.0,era,ruptures_ks,stage,import,2,0.7212509590026457,nan,22,11
v2.3.0,era,ruptures_ks,stage,load,2,0.1045928749954328,nan,22,11
v2.3.0,era,ruptures_ks,stage,change_points,2,0.05514495799434371,nan,22,11
v2.3.0,era,ruptures_ks,stage,latency_jumps,2,0.0005564999883063138,nan,22,11
v2.3.0,era,ruptures_ks,stage,jitter,2,0.12656679199426435,nan,22,11
v2.3.0,era,ruptures_ks,stage,inference,2,8.983301813714206e-05,nan,22,11
v2.3.0,era,ruptures_ks,stage,other,2,0.05643270802102052,nan,22,11
v2.3.0,era,ruptures_ks,cli,total,3,1.3054176669975277,256.46875,22,11
v2.3.0,era,ruptures_ks,cli,total,4,1.3206669169885572,254.4375,22,11
v2.0.0,era,ruptures_ks,cli,total,0,3.1743483750033192,284.65625,22,11
v2.0.0,era,ruptures_ks,stage,import,0,0.6160397499916144,nan,22,11
v2.0.0,era,ruptures_ks,stage,load,0,0.7755476669990458,nan,22,11
v2.0.0,era,ruptures_ks,stage,change_points,0,0.05936795799061656,nan,22,11
v2.0.0,era,ruptures_ks,stage,latency_jumps,0,0.0006251659942790866,nan,22,11
v2.0.0,era,ruptures_ks,stage,jitter,0,0.11682495797867887,nan,22,11
v2.0.0,era,ruptures_ks,stage,inference,0,8.70829971972853e-05,nan,22,11
v2.0.0,era,ruptures_ks,stage,other,0,0.061582584050484,nan,22,11
v2.0.0,era,ruptures_ks,cli,total,1,2.008922666980652,285.25,22,11
v2.0.0,era,ruptures_ks,stage,import,1,0.6336399590072688,nan,22,11
v2.0.0,era,ruptures_ks,stage,load,1,0.7278722919872962,nan,22,11
v2.0.0,era,ruptures_ks,stage,change_points,1,0.05578095797682181,nan,22,11
v2.0.0,era,ruptures_ks,stage,latency_jumps,1,0.0006040839944034815,nan,22,11
v2.0.0,era,ruptures_ks,stage,jitter,1,0.11407745897304267,nan,22,11
v2.0.0,era,ruptures_ks,stage,inference,1,9.137499728240073e-05,nan,22,11
v2.0.0,era,ruptures_ks,stage,other,1,0.05934320707456209,nan,22,11
v2.0.0,era,ruptures_ks,cli,total,2,2.1137521250057034,271.671875,22,11
v2.0.0,era,ruptures_ks,stage,import,2,0.6098795410071034,nan,22,11
v2.0.0,era,ruptures_ks,stage,load,2,0.7304384169983678,nan,22,11
v2.0.0,era,ruptures_ks,stage,change_points,2,0.05780437498469837,nan,22,11
v2.0.0,era,ruptures_ks,stage,latency_jumps,2,0.0006183749937918037,nan,22,11
v2.0.0,era,ruptures_ks,stage,jitter,2,0.1194210420071613,nan,22,11
v2.0.0,era,ruptures_ks,stage,inference,2,9.295801282860339e-05,nan,22,11
v2.0.0,era,ruptures_ks,stage,other,2,0.06017616600729525,nan,22,11
v2.0.0,era,ruptures_ks,cli,total,3,2.038609917013673,276.09375,22,11
v2.0.0,era,ruptures_ks,cli,total,4,2.046805292018689,284.71875,22,11
v1.0.0,current,bcp_ks,cli,total,0,2.6607568750041537,411.296875,28,14
v1.0.0,current,bcp_ks,stage,import,0,1.2385130829934496,nan,28,14
v1.0.0,current,bcp_ks,stage,load,0,0.008564666990423575,nan,28,14
v1.0.0,current,bcp_ks,stage,change_points,0,0.8224985419947188,nan,28,14
v1.0.0,current,bcp_ks,stage,latency_jumps,0,0.0003727910225279629,nan,28,14
v1.0.0,current,bcp_ks,stage,jitter,0,0.126438417006284,nan,28,14
v1.0.0,current,bcp_ks,stage,inference,0,1.3042008504271507e-05,nan,28,14
v1.0.0,current,bcp_ks,stage,other,0,0.0002320819767192006,nan,28,14
v1.0.0,current,bcp_ks,cli,total,1,2.504073041025549,409.828125,28,14
v1.0.0,current,bcp_ks,stage,import,1,1.2375578329956625,nan,28,14
v1.0.0,current,bcp_ks,stage,load,1,0.008629208023194224,nan,28,14
v1.0.0,current,bcp_ks,stage,change_points,1,0.8191773750004359,nan,28,14
v1.0.0,current,bcp_ks,stage,latency_jumps,1,0.0003475419944152236,nan,28,14
v1.0.0,current,bcp_ks,stage,jitter,1,0.1261616249976214,nan,28,14
v1.0.0,current,bcp_ks,stage,inference,1,1.2499978765845299e-05,nan,28,14
v1.0.0,current,bcp_ks,stage,other,1,0.00020083299023099244,nan,28,14
v1.0.0,current,bcp_ks,cli,total,2,2.6428861249878537,412.21875,28,14
v1.0.0,current,bcp_ks,stage,import,2,1.2240884579950944,nan,28,14
v1.0.0,current,bcp_ks,stage,load,2,0.008600708009907976,nan,28,14
v1.0.0,current,bcp_ks,stage,change_points,2,0.8313930000003893,nan,28,14
v1.0.0,current,bcp_ks,stage,latency_jumps,2,0.00034491601400077343,nan,28,14
v1.0.0,current,bcp_ks,stage,jitter,2,0.12640308399568312,nan,28,14
v1.0.0,current,bcp_ks,stage,inference,2,1.2708012945950031e-05,nan,28,14
v1.0.0,current,bcp_ks,stage,other,2,0.00020954196224920452,nan,28,14
v1.0.0,current,bcp_ks,cli,total,3,2.612527292018058,408.921875,28,14
v1.0.0,current,bcp_ks,cli,total,4,2.4262282499985304,409.71875,28,14
v2.0.0,current,bcp_ks,cli,total,0,9.465264792001108,507.9375,28,14
v2.0.0,current,bcp_ks,stage,import,0,0.70570725001744,nan,28,14
v2.0.0,current,bcp_ks,stage,load,0,0.8021997910109349,nan,28,14
v2.0.0,current,bcp_ks,stage,change_points,0,0.8096582090074662,nan,28,14
v2.0.0,current,bcp_ks,stage,latency_jumps,0,0.0007156249776016921,nan,28,14
v2.0.0,current,bcp_ks,stage,jitter,0,0.12890091599547304,nan,28,14
v2.0.0,current,bcp_ks,stage,inference,0,0.00010816700523719192,nan,28,14
v2.0.0,current,bcp_ks,stage,other,0,0.05511220800690353,nan,28,14
v2.0.0,current,bcp_ks,cli,total,1,3.386468207987491,473.65625,28,14
v2.0.0,current,bcp_ks,stage,import,1,0.7055353340110742,nan,28,14
v2.0.0,current,bcp_ks,stage,load,1,0.7270662920200266,nan,28,14
v2.0.0,current,bcp_ks,stage,change_points,1,0.994235167017905,nan,28,14
v2.0.0,current,bcp_ks,stage,latency_jumps,1,0.0007222080021165311,nan,28,14
v2.0.0,current,bcp_ks,stage,jitter,1,0.13422462498419918,nan,28,14
v2.0.0,current,bcp_ks,stage,inference,1,0.00014533300418406725,nan,28,14
v2.0.0,current,bcp_ks,stage,other,1,0.05485520898946561,nan,28,14
v2.0.0,current,bcp_ks,cli,total,2,3.3818337919947226,474.078125,28,14
v2.0.0,current,bcp_ks,stage,import,2,0.7148625830013771,nan,28,14
v2.0.0,current,bcp_ks,stage,load,2,0.7320424159988761,nan,28,14
v2.0.0,current,bcp_ks,stage,change_points,2,0.8239070000126958,nan,28,14
v2.0.0,current,bcp_ks,stage,latency_jumps,2,0.0006949170201551169,nan,28,14
v2.0.0,current,bcp_ks,stage,jitter,2,0.12825070798862725,nan,28,14
v2.0.0,current,bcp_ks,stage,inference,2,0.00010949998977594078,nan,28,14
v2.0.0,current,bcp_ks,stage,other,2,0.05471862500417046,nan,28,14
v2.0.0,current,bcp_ks,cli,total,3,3.450189416005742,472.765625,28,14
v2.0.0,current,bcp_ks,cli,total,4,3.3704781249980442,475.078125,28,14
v2.0.0,current,ruptures_ks,cli,total,0,3.141578791983193,265.9375,22,11
v2.0.0,current,ruptures_ks,stage,import,0,0.7783858749899082,nan,22,11
v2.0.0,current,ruptures_ks,stage,load,0,0.7153280419879593,nan,22,11
v2.0.0,current,ruptures_ks,stage,change_points,0,0.05579474999103695,nan,22,11
v2.0.0,current,ruptures_ks,stage,latency_jumps,0,0.0005527919856831431,nan,22,11
v2.0.0,current,ruptures_ks,stage,jitter,0,0.11675833302433603,nan,22,11
v2.0.0,current,ruptures_ks,stage,inference,0,0.00011004199041053653,nan,22,11
v2.0.0,current,ruptures_ks,stage,other,0,0.10023908302537166,nan,22,11
v2.0.0,current,ruptures_ks,cli,total,1,1.9145014579989947,255.234375,22,11
v2.0.0,current,ruptures_ks,stage,import,1,0.7141464169835672,nan,22,11
v2.0.0,current,ruptures_ks,stage,load,1,0.7023659590049647,nan,22,11
v2.0.0,current,ruptures_ks,stage,change_points,1,0.053916499979095533,nan,22,11
v2.0.0,current,ruptures_ks,stage,latency_jumps,1,0.0005595830152742565,nan,22,11
v2.0.0,current,ruptures_ks,stage,jitter,1,0.16642833399237134,nan,22,11
v2.0.0,current,ruptures_ks,stage,inference,1,0.00010041700443252921,nan,22,11
v2.0.0,current,ruptures_ks,stage,other,1,0.09815529000479728,nan,22,11
v2.0.0,current,ruptures_ks,cli,total,2,1.8839479169982951,254.890625,22,11
v2.0.0,current,ruptures_ks,stage,import,2,0.711089374992298,nan,22,11
v2.0.0,current,ruptures_ks,stage,load,2,0.7154923749912996,nan,22,11
v2.0.0,current,ruptures_ks,stage,change_points,2,0.053660000005038455,nan,22,11
v2.0.0,current,ruptures_ks,stage,latency_jumps,2,0.0005526659952010959,nan,22,11
v2.0.0,current,ruptures_ks,stage,jitter,2,0.1171190419991035,nan,22,11
v2.0.0,current,ruptures_ks,stage,inference,2,9.59169992711395e-05,nan,22,11
v2.0.0,current,ruptures_ks,stage,other,2,0.10146875001373701,nan,22,11
v2.0.0,current,ruptures_ks,cli,total,3,1.9597102080006152,256.75,22,11
v2.0.0,current,ruptures_ks,cli,total,4,1.9080606249917764,259.984375,22,11
v2.1.0,current,bcp_ks,cli,total,0,8.851846125005977,505.5625,28,14
v2.1.0,current,bcp_ks,stage,import,0,0.7078388340014499,nan,28,14
v2.1.0,current,bcp_ks,stage,load,0,0.15178629200090654,nan,28,14
v2.1.0,current,bcp_ks,stage,change_points,0,0.7945964589889627,nan,28,14
v2.1.0,current,bcp_ks,stage,latency_jumps,0,0.0007391659892164171,nan,28,14
v2.1.0,current,bcp_ks,stage,jitter,0,0.1285467499983497,nan,28,14
v2.1.0,current,bcp_ks,stage,inference,0,0.00011283400817774236,nan,28,14
v2.1.0,current,bcp_ks,stage,other,0,0.0598816660058219,nan,28,14
v2.1.0,current,bcp_ks,cli,total,1,2.7748321249964647,470.953125,28,14
v2.1.0,current,bcp_ks,stage,import,1,0.6802837499999441,nan,28,14
v2.1.0,current,bcp_ks,stage,load,1,0.1212776250031311,nan,28,14
v2.1.0,current,bcp_ks,stage,change_points,1,0.7680083749874029,nan,28,14
v2.1.0,current,bcp_ks,stage,latency_jumps,1,0.0007028330001048744,nan,28,14
v2.1.0,current,bcp_ks,stage,jitter,1,0.12870041700080037,nan,28,14
v2.1.0,current,bcp_ks,stage,inference,1,0.00011074999929405749,nan,28,14
v2.1.0,current,bcp_ks,stage,other,1,0.05538850001175888,nan,28,14
v2.1.0,current,bcp_ks,cli,total,2,2.7439749580225907,470.59375,28,14
v2.1.0,current,bcp_ks,stage,import,2,0.6825797500205226,nan,28,14
v2.1.0,current,bcp_ks,stage,load,2,0.12122570798965171,nan,28,14
v2.1.0,current,bcp_ks,stage,change_points,2,0.768728666997049,nan,28,14
v2.1.0,current,bcp_ks,stage,latency_jumps,2,0.0007132920145522803,nan,28,14
v2.1.0,current,bcp_ks,stage,jitter,2,0.12814654197427444,nan,28,14
v2.1.0,current,bcp_ks,stage,inference,2,0.00010987499263137579,nan,28,14
v2.1.0,current,bcp_ks,stage,other,2,0.0553445830300916,nan,28,14
v2.1.0,current,bcp_ks,cli,total,3,2.753984541981481,469.3125,28,14
v2.1.0,current,bcp_ks,cli,total,4,2.7282443750009406,467.9375,28,14
v2.1.0,current,ruptures_ks,cli,total,0,2.486586124985479,273.671875,22,11
v2.1.0,current,ruptures_ks,stage,import,0,0.841351333016064,nan,22,11
v2.1.0,current,ruptures_ks,stage,load,0,0.10779125001863576,nan,22,11
v2.1.0,current,ruptures_ks,stage,change_points,0,0.05839141699834727,nan,22,11
v2.1.0,current,ruptures_ks,stage,latency_jumps,0,0.0006039159779902548,nan,22,11
v2.1.0,current,ruptures_ks,stage,jitter,0,0.11873441698844545,nan,22,11
v2.1.0,current,ruptures_ks,stage,inference,0,8.670799434185028e-05,nan,22,11
v2.1.0,current,ruptures_ks,stage,other,0,0.06898316703154705,nan,22,11
v2.1.0,current,ruptures_ks,cli,total,1,1.2895600420015398,253.875,22,11
v2.1.0,current,ruptures_ks,stage,import,1,0.6959384169895202,nan,22,11
v2.1.0,current,ruptures_ks,stage,load,1,0.10652966701309197,nan,22,11
v2.1.0,current,ruptures_ks,stage,change_points,1,0.05698016699170694,nan,22,11
v2.1.0,current,ruptures_ks,stage,latency_jumps,1,0.0005719999899156392,nan,22,11
v2.1.0,current,ruptures_ks,stage,jitter,1,0.11963783300598152,nan,22,11
v2.1.0,current,ruptures_ks,stage,inference,1,9.087499347515404e-05,nan,22,11
v2.1.0,current,ruptures_ks,stage,other,1,0.10203716601245105,nan,22,11
v2.1.0,current,ruptures_ks,cli,total,2,1.3004429589782376,256.59375,22,11
v2.1.0,current,ruptures_ks,stage,import,2,0.7113177090068348,nan,22,11
v2.1.0,current,ruptures_ks,stage,load,2,0.10990349997882731,nan,22,11
v2.1.0,current,ruptures_ks,stage,change_points,2,0.06608375001815148,nan,22,11
v2.1.0,current,ruptures_ks,stage,latency_jumps,2,0.0006690000009257346,nan,22,11
v2.1.0,current,ruptures_ks,stage,jitter,2,0.1293015829869546,nan,22,11
v2.1.0,current,ruptures_ks,stage,inference,2,8.608301868662238e-05,nan,22,11
v2.1.0,current,ruptures_ks,stage,other,2,0.05886337597621605,nan,22,11
v2.1.0,current,ruptures_ks,cli,total,3,1.275429625005927,256.625,22,11
v2.1.0,current,ruptures_ks,cli,total,4,1.3095506250101607,252.796875,22,11
v2.1.1,current,bcp_ks,cli,total,0,8.854110582993599,496.484375,28,14
v2.1.1,current,bcp_ks,stage,import,0,0.7677073329978157,nan,28,14
v2.1.1,current,bcp_ks,stage,load,0,0.12638154200976714,nan,28,14
v2.1.1,current,bcp_ks,stage,change_points,0,0.8272757919912692,nan,28,14
v2.1.1,current,bcp_ks,stage,latency_jumps,0,0.0007907079998403788,nan,28,14
v2.1.1,current,bcp_ks,stage,jitter,0,0.1338720000057947,nan,28,14
v2.1.1,current,bcp_ks,stage,inference,0,0.00011908300803042948,nan,28,14
v2.1.1,current,bcp_ks,stage,other,0,0.056971791986143216,nan,28,14
v2.1.1,current,bcp_ks,cli,total,1,2.826846915995702,472.59375,28,14
v2.1.1,current,bcp_ks,stage,import,1,0.688423541985685,nan,28,14
v2.1.1,current,bcp_ks,stage,load,1,0.1273612079967279,nan,28,14
v2.1.1,current,bcp_ks,stage,change_points,1,0.7980522079742514,nan,28,14
v2.1.1,current,bcp_ks,stage,latency_jumps,1,0.0007572089962195605,nan,28,14
v2.1.1,current,bcp_ks,stage,jitter,1,0.13365195799269713,nan,28,14
v2.1.1,current,bcp_ks,stage,inference,1,0.0001256669929716736,nan,28,14
v2.1.1,current,bcp_ks,stage,other,1,0.05707600005553104,nan,28,14
v2.1.1,current,bcp_ks,cli,total,2,3.1877543329901528,472.890625,28,14
v2.1.1,current,bcp_ks,stage,import,2,0.6848806669877376,nan,28,14
v2.1.1,current,bcp_ks,stage,load,2,0.12417691701557487,nan,28,14
v2.1.1,current,bcp_ks,stage,change_points,2,0.9723923750279937,nan,28,14
v2.1.1,current,bcp_ks,stage,latency_jumps,2,0.0007357499853242189,nan,28,14
v2.1.1,current,bcp_ks,stage,jitter,2,0.1329447909956798,nan,28,14
v2.1.1,current,bcp_ks,stage,inference,2,0.0001197500096168369,nan,28,14
v2.1.1,current,bcp_ks,stage,other,2,0.05514804198173806,nan,28,14
v2.1.1,current,bcp_ks,cli,total,3,2.727220500004478,469.625,28,14
v2.1.1,current,bcp_ks,cli,total,4,2.887949124997249,471.421875,28,14
v2.1.1,current,ruptures_ks,cli,total,0,2.541081249975832,260.890625,22,11
v2.1.1,current,ruptures_ks,stage,import,0,0.7624249169894028,nan,22,11
v2.1.1,current,ruptures_ks,stage,load,0,0.1097825409960933,nan,22,11
v2.1.1,current,ruptures_ks,stage,change_points,0,0.05610416701529175,nan,22,11
v2.1.1,current,ruptures_ks,stage,latency_jumps,0,0.000571542012039572,nan,22,11
v2.1.1,current,ruptures_ks,stage,jitter,0,0.12319295899942517,nan,22,11
v2.1.1,current,ruptures_ks,stage,inference,0,8.774999878369272e-05,nan,22,11
v2.1.1,current,ruptures_ks,stage,other,0,0.05585387398605235,nan,22,11
v2.1.1,current,ruptures_ks,cli,total,1,1.3317853750195354,260.953125,22,11
v2.1.1,current,ruptures_ks,stage,import,1,0.6822726669779513,nan,22,11
v2.1.1,current,ruptures_ks,stage,load,1,0.10679562500445172,nan,22,11
v2.1.1,current,ruptures_ks,stage,change_points,1,0.05397616600384936,nan,22,11
v2.1.1,current,ruptures_ks,stage,latency_jumps,1,0.0005567499902099371,nan,22,11
v2.1.1,current,ruptures_ks,stage,jitter,1,0.11672416600049473,nan,22,11
v2.1.1,current,ruptures_ks,stage,inference,1,8.512500789947808e-05,nan,22,11
v2.1.1,current,ruptures_ks,stage,other,1,0.06031279300805181,nan,22,11
v2.1.1,current,ruptures_ks,cli,total,2,1.4538390829984564,256.15625,22,11
v2.1.1,current,ruptures_ks,stage,import,2,0.7107867919839919,nan,22,11
v2.1.1,current,ruptures_ks,stage,load,2,0.10604458299349062,nan,22,11
v2.1.1,current,ruptures_ks,stage,change_points,2,0.059031124983448535,nan,22,11
v2.1.1,current,ruptures_ks,stage,latency_jumps,2,0.0005834169860463589,nan,22,11
v2.1.1,current,ruptures_ks,stage,jitter,2,0.11983349997899495,nan,22,11
v2.1.1,current,ruptures_ks,stage,inference,2,9.945800411514938e-05,nan,22,11
v2.1.1,current,ruptures_ks,stage,other,2,0.05649566705687903,nan,22,11
v2.1.1,current,ruptures_ks,cli,total,3,1.3224278329871595,254.59375,22,11
v2.1.1,current,ruptures_ks,cli,total,4,1.3036904160107952,253.875,22,11
v2.2.0,current,bcp_ks,cli,total,0,8.716613666998455,504.40625,28,14
v2.2.0,current,bcp_ks,stage,import,0,0.710869750007987,nan,28,14
v2.2.0,current,bcp_ks,stage,load,0,0.12594454200007021,nan,28,14
v2.2.0,current,bcp_ks,stage,change_points,0,0.7987842079892289,nan,28,14
v2.2.0,current,bcp_ks,stage,latency_jumps,0,0.0007239580154418945,nan,28,14
v2.2.0,current,bcp_ks,stage,jitter,0,0.13089500000933185,nan,28,14
v2.2.0,current,bcp_ks,stage,inference,0,0.0001126249844674021,nan,28,14
v2.2.0,current,bcp_ks,stage,other,0,0.056919750990346074,nan,28,14
v2.2.0,current,bcp_ks,cli,total,1,2.725186916999519,469.421875,28,14
v2.2.0,current,bcp_ks,stage,import,1,0.6941598749835975,nan,28,14
v2.2.0,current,bcp_ks,stage,load,1,0.12117283401312307,nan,28,14
v2.2.0,current,bcp_ks,stage,change_points,1,0.7678543330112007,nan,28,14
v2.2.0,current,bcp_ks,stage,latency_jumps,1,0.0007226249726954848,nan,28,14
v2.2.0,current,bcp_ks,stage,jitter,1,0.12850175000494346,nan,28,14
v2.2.0,current,bcp_ks,stage,inference,1,0.00013554198085330427,nan,28,14
v2.2.0,current,bcp_ks,stage,other,1,0.05439737401320599,nan,28,14
v2.2.0,current,bcp_ks,cli,total,2,2.698196665995056,470.90625,28,14
v2.2.0,current,bcp_ks,stage,import,2,0.7035686250019353,nan,28,14
v2.2.0,current,bcp_ks,stage,load,2,0.12272379201021977,nan,28,14
v2.2.0,current,bcp_ks,stage,change_points,2,0.7924762500042561,nan,28,14
v2.2.0,current,bcp_ks,stage,latency_jumps,2,0.0007452080026268959,nan,28,14
v2.2.0,current,bcp_ks,stage,jitter,2,0.12890450001577847,nan,28,14
v2.2.0,current,bcp_ks,stage,inference,2,0.00011141700088046491,nan,28,14
v2.2.0,current,bcp_ks,stage,other,2,0.05516041597002186,nan,28,14
v2.2.0,current,bcp_ks,cli,total,3,2.718545500014443,470.40625,28,14
v2.2.0,current,bcp_ks,cli,total,4,2.7713087080046535,472.265625,28,14
v2.2.0,current,ruptures_ks,cli,total,0,2.4774169999873266,260.84375,22,11
v2.2.0,current,ruptures_ks,stage,import,0,0.8813979160040617,nan,22,11
v2.2.0,current,ruptures_ks,stage,load,0,0.1090922919975128,nan,22,11
v2.2.0,current,ruptures_ks,stage,change_points,0,0.056010832980973646,nan,22,11
v2.2.0,current,ruptures_ks,stage,latency_jumps,0,0.0005461250257212669,nan,22,11
v2.2.0,current,ruptures_ks,stage,jitter,0,0.11733295800513588,nan,22,11
v2.2.0,current,ruptures_ks,stage,inference,0,8.216701098717749e-05,nan,22,11
v2.2.0,current,ruptures_ks,stage,other,0,0.05637558299349621,nan,22,11
v2.2.0,current,ruptures_ks,cli,total,1,1.2891881249961443,247.828125,22,11
v2.2.0,current,ruptures_ks,stage,import,1,0.688210042018909,nan,22,11
v2.2.0,current,ruptures_ks,stage,load,1,0.10446354100713506,nan,22,11
v2.2.0,current,ruptures_ks,stage,change_points,1,0.053744458011351526,nan,22,11
v2.2.0,current,ruptures_ks,stage,latency_jumps,1,0.0005468340241350234,nan,22,11
v2.2.0,current,ruptures_ks,stage,jitter,1,0.11608100001467392,nan,22,11
v2.2.0,current,ruptures_ks,stage,inference,1,8.779199561104178e-05,nan,22,11
v2.2.0,current,ruptures_ks,stage,other,1,0.05487262495444156,nan,22,11
v2.2.0,current,ruptures_ks,cli,total,2,1.280334707989823,255.5,22,11
v2.2.0,current,ruptures_ks,stage,import,2,0.709225750004407,nan,22,11
v2.2.0,current,ruptures_ks,stage,load,2,0.108075916999951,nan,22,11
v2.2.0,current,ruptures_ks,stage,change_points,2,0.05763708398444578,nan,22,11
v2.2.0,current,ruptures_ks,stage,latency_jumps,2,0.0005781670042779297,nan,22,11
v2.2.0,current,ruptures_ks,stage,jitter,2,0.11567179099074565,nan,22,11
v2.2.0,current,ruptures_ks,stage,inference,2,8.395800250582397e-05,nan,22,11
v2.2.0,current,ruptures_ks,stage,other,2,0.05514329200377688,nan,22,11
v2.2.0,current,ruptures_ks,cli,total,3,1.319370750017697,254.59375,22,11
v2.2.0,current,ruptures_ks,cli,total,4,1.2951498339825775,257.28125,22,11
v2.3.0,current,bcp_ks,cli,total,0,8.523156542010838,503.9375,28,14
v2.3.0,current,bcp_ks,stage,import,0,0.6929459999955725,nan,28,14
v2.3.0,current,bcp_ks,stage,load,0,0.12189904099795967,nan,28,14
v2.3.0,current,bcp_ks,stage,change_points,0,0.9774138749926351,nan,28,14
v2.3.0,current,bcp_ks,stage,latency_jumps,0,0.0007202090055216104,nan,28,14
v2.3.0,current,bcp_ks,stage,jitter,0,0.13556966700707562,nan,28,14
v2.3.0,current,bcp_ks,stage,inference,0,0.00011570900096558034,nan,28,14
v2.3.0,current,bcp_ks,stage,other,0,0.05511991601088084,nan,28,14
v2.3.0,current,bcp_ks,cli,total,1,2.7712853330012877,470.875,28,14
v2.3.0,current,bcp_ks,stage,import,1,0.6901305000064895,nan,28,14
v2.3.0,current,bcp_ks,stage,load,1,0.12460700000519864,nan,28,14
v2.3.0,current,bcp_ks,stage,change_points,1,0.9485927089990582,nan,28,14
v2.3.0,current,bcp_ks,stage,latency_jumps,1,0.0007047080143820494,nan,28,14
v2.3.0,current,bcp_ks,stage,jitter,1,0.1287962500064168,nan,28,14
v2.3.0,current,bcp_ks,stage,inference,1,0.00010837501031346619,nan,28,14
v2.3.0,current,bcp_ks,stage,other,1,0.05580374994315207,nan,28,14
v2.3.0,current,bcp_ks,cli,total,2,2.7188308750046417,467.390625,28,14
v2.3.0,current,bcp_ks,stage,import,2,0.6845962920051534,nan,28,14
v2.3.0,current,bcp_ks,stage,load,2,0.12253183400025591,nan,28,14
v2.3.0,current,bcp_ks,stage,change_points,2,0.8553593329852447,nan,28,14
v2.3.0,current,bcp_ks,stage,latency_jumps,2,0.000699666008586064,nan,28,14
v2.3.0,current,bcp_ks,stage,jitter,2,0.12943524998263456,nan,28,14
v2.3.0,current,bcp_ks,stage,inference,2,0.00010866697994060814,nan,28,14
v2.3.0,current,bcp_ks,stage,other,2,0.056181041058152914,nan,28,14
v2.3.0,current,bcp_ks,cli,total,3,2.793464083020808,468.890625,28,14
v2.3.0,current,bcp_ks,cli,total,4,2.8517638329940382,468.8125,28,14
v2.3.0,current,ruptures_ks,cli,total,0,1.4235855830193032,251.546875,22,11
v2.3.0,current,ruptures_ks,stage,import,0,0.7159993330133148,nan,22,11
v2.3.0,current,ruptures_ks,stage,load,0,0.10757608400308527,nan,22,11
v2.3.0,current,ruptures_ks,stage,change_points,0,0.05648362499778159,nan,22,11
v2.3.0,current,ruptures_ks,stage,latency_jumps,0,0.0005576249968726188,nan,22,11
v2.3.0,current,ruptures_ks,stage,jitter,0,0.11959154199576005,nan,22,11
v2.3.0,current,ruptures_ks,stage,inference,0,9.462499292567372e-05,nan,22,11
v2.3.0,current,ruptures_ks,stage,other,0,0.05753512401133776,nan,22,11
v2.3.0,current,ruptures_ks,cli,total,1,1.4239312499994412,255.484375,22,11
v2.3.0,current,ruptures_ks,stage,import,1,0.7035815419803839,nan,22,11
v2.3.0,current,ruptures_ks,stage,load,1,0.10662949999095872,nan,22,11
v2.3.0,current,ruptures_ks,stage,change_points,1,0.05359183301334269,nan,22,11
v2.3.0,current,ruptures_ks,stage,latency_jumps,1,0.00055383300059475,nan,22,11
v2.3.0,current,ruptures_ks,stage,jitter,1,0.1151263750216458,nan,22,11
v2.3.0,current,ruptures_ks,stage,inference,1,9.50419926084578e-05,nan,22,11
v2.3.0,current,ruptures_ks,stage,other,1,0.05474687498644926,nan,22,11
v2.3.0,current,ruptures_ks,cli,total,2,1.28618920801091,253.953125,22,11
v2.3.0,current,ruptures_ks,stage,import,2,0.6813008330063894,nan,22,11
v2.3.0,current,ruptures_ks,stage,load,2,0.1026022500009276,nan,22,11
v2.3.0,current,ruptures_ks,stage,change_points,2,0.053382833022624254,nan,22,11
v2.3.0,current,ruptures_ks,stage,latency_jumps,2,0.0005479159881360829,nan,22,11
v2.3.0,current,ruptures_ks,stage,jitter,2,0.1155494999838993,nan,22,11
v2.3.0,current,ruptures_ks,stage,inference,2,9.029201464727521e-05,nan,22,11
v2.3.0,current,ruptures_ks,stage,other,2,0.05416304199025035,nan,22,11
v2.3.0,current,ruptures_ks,cli,total,3,1.3142253749829251,255.734375,22,11
v2.3.0,current,ruptures_ks,cli,total,4,1.2968911670031957,252.5,22,11
v2.0.0,era,bcp_ks,cli,timeout,0,3600.0,nan,,
v1.0.0,era,bcp_jd,cli,total,0,16.14311008300865,179.84375,28,14
v1.0.0,era,bcp_jd,stage,import,0,0.6681008329906035,nan,28,14
v1.0.0,era,bcp_jd,stage,load,0,0.012625375005882233,nan,28,14
v1.0.0,era,bcp_jd,stage,change_points,0,15.347602333000395,nan,28,14
v1.0.0,era,bcp_jd,stage,latency_jumps,0,0.00035345900687389076,nan,28,14
v1.0.0,era,bcp_jd,stage,jitter,0,0.03700666700024158,nan,28,14
v1.0.0,era,bcp_jd,stage,inference,0,1.4290999388322234e-05,nan,28,14
v1.0.0,era,bcp_jd,stage,other,0,0.00027445796877145767,nan,28,14
v1.0.0,era,bcp_jd,cli,total,1,16.248926667001797,174.84375,28,14
v1.0.0,era,bcp_jd,stage,import,1,0.6606224160059355,nan,28,14
v1.0.0,era,bcp_jd,stage,load,1,0.013288250018376857,nan,28,14
v1.0.0,era,bcp_jd,stage,change_points,1,15.659649915993214,nan,28,14
v1.0.0,era,bcp_jd,stage,latency_jumps,1,0.00034504200448282063,nan,28,14
v1.0.0,era,bcp_jd,stage,jitter,1,0.036584708985174075,nan,28,14
v1.0.0,era,bcp_jd,stage,inference,1,1.3166980352252722e-05,nan,28,14
v1.0.0,era,bcp_jd,stage,other,1,0.0002759160415735096,nan,28,14
v1.0.0,era,bcp_jd,cli,total,2,16.114331749995472,177.09375,28,14
v1.0.0,era,bcp_jd,stage,import,2,0.6038271249854006,nan,28,14
v1.0.0,era,bcp_jd,stage,load,2,0.01263574999757111,nan,28,14
v1.0.0,era,bcp_jd,stage,change_points,2,15.423510583001189,nan,28,14
v1.0.0,era,bcp_jd,stage,latency_jumps,2,0.00032962497789412737,nan,28,14
v1.0.0,era,bcp_jd,stage,jitter,2,0.03607066598488018,nan,28,14
v1.0.0,era,bcp_jd,stage,inference,2,1.3666984159499407e-05,nan,28,14
v1.0.0,era,bcp_jd,stage,other,2,0.0001941260416060686,nan,28,14
v1.0.0,era,bcp_jd,cli,total,3,16.09812591597438,179.09375,28,14
v1.0.0,era,bcp_jd,cli,total,4,16.066600457997993,178.34375,28,14
v2.1.0,era,bcp_jd,cli,total,0,3.190820708987303,470.140625,28,14
v2.1.0,era,bcp_jd,stage,import,0,0.6773107079789042,nan,28,14
v2.1.0,era,bcp_jd,stage,load,0,0.12267633300507441,nan,28,14
v2.1.0,era,bcp_jd,stage,change_points,0,0.7845533750078175,nan,28,14
v2.1.0,era,bcp_jd,stage,latency_jumps,0,0.000726416998077184,nan,28,14
v2.1.0,era,bcp_jd,stage,jitter,0,0.030777374980971217,nan,28,14
v2.1.0,era,bcp_jd,stage,inference,0,9.92499990388751e-05,nan,28,14
v2.1.0,era,bcp_jd,stage,other,0,0.055471958010457456,nan,28,14
v2.1.0,era,bcp_jd,cli,total,1,2.8008170000102837,471.625,28,14
v2.1.0,era,bcp_jd,stage,import,1,0.6862583330075722,nan,28,14
v2.1.0,era,bcp_jd,stage,load,1,0.12110712498542853,nan,28,14
v2.1.0,era,bcp_jd,stage,change_points,1,0.7997524999955203,nan,28,14
v2.1.0,era,bcp_jd,stage,latency_jumps,1,0.0007080420036800206,nan,28,14
v2.1.0,era,bcp_jd,stage,jitter,1,0.030003291001776233,nan,28,14
v2.1.0,era,bcp_jd,stage,inference,1,0.00010312499944120646,nan,28,14
v2.1.0,era,bcp_jd,stage,other,1,0.05627925100270659,nan,28,14
v2.1.0,era,bcp_jd,cli,total,2,2.689826040994376,469.859375,28,14
v2.1.0,era,bcp_jd,stage,import,2,0.6852662079909351,nan,28,14
v2.1.0,era,bcp_jd,stage,load,2,0.12093216698849574,nan,28,14
v2.1.0,era,bcp_jd,stage,change_points,2,0.7454826660105027,nan,28,14
v2.1.0,era,bcp_jd,stage,latency_jumps,2,0.0006922080065123737,nan,28,14
v2.1.0,era,bcp_jd,stage,jitter,2,0.029671374999452382,nan,28,14
v2.1.0,era,bcp_jd,stage,inference,2,9.545800276100636e-05,nan,28,14
v2.1.0,era,bcp_jd,stage,other,2,0.05418362596537918,nan,28,14
v2.1.0,era,bcp_jd,cli,total,3,2.7322347910085227,473.40625,28,14
v2.1.0,era,bcp_jd,cli,total,4,2.6039328329788987,468.703125,28,14
v2.1.0,era,ruptures_jd,cli,total,0,1.2458134159969632,253.875,22,11
v2.1.0,era,ruptures_jd,stage,import,0,0.6995987080154009,nan,22,11
v2.1.0,era,ruptures_jd,stage,load,0,0.10362195799825713,nan,22,11
v2.1.0,era,ruptures_jd,stage,change_points,0,0.05341649998445064,nan,22,11
v2.1.0,era,ruptures_jd,stage,latency_jumps,0,0.0005503749998752028,nan,22,11
v2.1.0,era,ruptures_jd,stage,jitter,0,0.029983542015543208,nan,22,11
v2.1.0,era,ruptures_jd,stage,inference,0,8.420899393968284e-05,nan,22,11
v2.1.0,era,ruptures_jd,stage,other,0,0.054052166000474244,nan,22,11
v2.1.0,era,ruptures_jd,cli,total,1,1.1932509999896865,251.203125,22,11
v2.1.0,era,ruptures_jd,stage,import,1,0.673221916978946,nan,22,11
v2.1.0,era,ruptures_jd,stage,load,1,0.10149233299307525,nan,22,11
v2.1.0,era,ruptures_jd,stage,change_points,1,0.05349337501684204,nan,22,11
v2.1.0,era,ruptures_jd,stage,latency_jumps,1,0.0005374579923227429,nan,22,11
v2.1.0,era,ruptures_jd,stage,jitter,1,0.02972700001555495,nan,22,11
v2.1.0,era,ruptures_jd,stage,inference,1,8.549998165108263e-05,nan,22,11
v2.1.0,era,ruptures_jd,stage,other,1,0.05347712500952184,nan,22,11
v2.1.0,era,ruptures_jd,cli,total,2,1.179722375003621,253.09375,22,11
v2.1.0,era,ruptures_jd,stage,import,2,0.6803659169818275,nan,22,11
v2.1.0,era,ruptures_jd,stage,load,2,0.1058764589834027,nan,22,11
v2.1.0,era,ruptures_jd,stage,change_points,2,0.05620670801727101,nan,22,11
v2.1.0,era,ruptures_jd,stage,latency_jumps,2,0.0005699580069631338,nan,22,11
v2.1.0,era,ruptures_jd,stage,jitter,2,0.02987724999547936,nan,22,11
v2.1.0,era,ruptures_jd,stage,inference,2,8.995801908895373e-05,nan,22,11
v2.1.0,era,ruptures_jd,stage,other,2,0.05575470899930224,nan,22,11
v2.1.0,era,ruptures_jd,cli,total,3,1.2275668749934994,247.9375,22,11
v2.1.0,era,ruptures_jd,cli,total,4,1.1993514590139966,250.84375,22,11
v2.1.1,era,bcp_jd,cli,total,0,3.0139032079896424,470.59375,28,14
v2.1.1,era,bcp_jd,stage,import,0,0.6754515420179814,nan,28,14
v2.1.1,era,bcp_jd,stage,load,0,0.1235727499879431,nan,28,14
v2.1.1,era,bcp_jd,stage,change_points,0,0.7755330830113962,nan,28,14
v2.1.1,era,bcp_jd,stage,latency_jumps,0,0.000742042000638321,nan,28,14
v2.1.1,era,bcp_jd,stage,jitter,0,0.030217208026442677,nan,28,14
v2.1.1,era,bcp_jd,stage,inference,0,0.00010191599722020328,nan,28,14
v2.1.1,era,bcp_jd,stage,other,0,0.05519525098497979,nan,28,14
v2.1.1,era,bcp_jd,cli,total,1,2.6210982920019887,469.765625,28,14
v2.1.1,era,bcp_jd,stage,import,1,0.678667916014092,nan,28,14
v2.1.1,era,bcp_jd,stage,load,1,0.12138324999250472,nan,28,14
v2.1.1,era,bcp_jd,stage,change_points,1,0.7803779160021804,nan,28,14
v2.1.1,era,bcp_jd,stage,latency_jumps,1,0.0007104169926606119,nan,28,14
v2.1.1,era,bcp_jd,stage,jitter,1,0.029876416985644028,nan,28,14
v2.1.1,era,bcp_jd,stage,inference,1,9.600000339560211e-05,nan,28,14
v2.1.1,era,bcp_jd,stage,other,1,0.05434704103390686,nan,28,14
v2.1.1,era,bcp_jd,cli,total,2,2.7013583749940153,471.546875,28,14
v2.1.1,era,bcp_jd,stage,import,2,0.6784612500050571,nan,28,14
v2.1.1,era,bcp_jd,stage,load,2,0.12378004202037118,nan,28,14
v2.1.1,era,bcp_jd,stage,change_points,2,0.7522816249984317,nan,28,14
v2.1.1,era,bcp_jd,stage,latency_jumps,2,0.0007078750059008598,nan,28,14
v2.1.1,era,bcp_jd,stage,jitter,2,0.029793000023346394,nan,28,14
v2.1.1,era,bcp_jd,stage,inference,2,0.00010220799595117569,nan,28,14
v2.1.1,era,bcp_jd,stage,other,2,0.0558471659605857,nan,28,14
v2.1.1,era,bcp_jd,cli,total,3,2.653647875005845,465.25,28,14
v2.1.1,era,bcp_jd,cli,total,4,2.605291124986252,470.75,28,14
v2.1.1,era,ruptures_jd,cli,total,0,1.273780916002579,254.0,22,11
v2.1.1,era,ruptures_jd,stage,import,0,0.6923419999948237,nan,22,11
v2.1.1,era,ruptures_jd,stage,load,0,0.104192749975482,nan,22,11
v2.1.1,era,ruptures_jd,stage,change_points,0,0.05430233301012777,nan,22,11
v2.1.1,era,ruptures_jd,stage,latency_jumps,0,0.0005494999932125211,nan,22,11
v2.1.1,era,ruptures_jd,stage,jitter,0,0.029805458994815126,nan,22,11
v2.1.1,era,ruptures_jd,stage,inference,0,8.054199861362576e-05,nan,22,11
v2.1.1,era,ruptures_jd,stage,other,0,0.05475095703150146,nan,22,11
v2.1.1,era,ruptures_jd,cli,total,1,1.18425587497768,248.546875,22,11
v2.1.1,era,ruptures_jd,stage,import,1,0.6765080000041053,nan,22,11
v2.1.1,era,ruptures_jd,stage,load,1,0.10329533298499882,nan,22,11
v2.1.1,era,ruptures_jd,stage,change_points,1,0.0534356250136625,nan,22,11
v2.1.1,era,ruptures_jd,stage,latency_jumps,1,0.0005637079884763807,nan,22,11
v2.1.1,era,ruptures_jd,stage,jitter,1,0.02940625001792796,nan,22,11
v2.1.1,era,ruptures_jd,stage,inference,1,7.491701398976147e-05,nan,22,11
v2.1.1,era,ruptures_jd,stage,other,1,0.05422404198907316,nan,22,11
v2.1.1,era,ruptures_jd,cli,total,2,1.2323263750004116,250.0625,22,11
v2.1.1,era,ruptures_jd,stage,import,2,0.6907889999856707,nan,22,11
v2.1.1,era,ruptures_jd,stage,load,2,0.1023951249953825,nan,22,11
v2.1.1,era,ruptures_jd,stage,change_points,2,0.05402112501906231,nan,22,11
v2.1.1,era,ruptures_jd,stage,latency_jumps,2,0.000562834000447765,nan,22,11
v2.1.1,era,ruptures_jd,stage,jitter,2,0.029599208006402478,nan,22,11
v2.1.1,era,ruptures_jd,stage,inference,2,7.658300455659628e-05,nan,22,11
v2.1.1,era,ruptures_jd,stage,other,2,0.054287790990201756,nan,22,11
v2.1.1,era,ruptures_jd,cli,total,3,1.1887468339991756,252.484375,22,11
v2.1.1,era,ruptures_jd,cli,total,4,1.1972092909854837,253.5,22,11
v2.2.0,era,bcp_jd,cli,total,0,3.0907698750088457,467.5,28,14
v2.2.0,era,bcp_jd,stage,import,0,0.6830413750139996,nan,28,14
v2.2.0,era,bcp_jd,stage,load,0,0.12252383297891356,nan,28,14
v2.2.0,era,bcp_jd,stage,change_points,0,0.9764787080057431,nan,28,14
v2.2.0,era,bcp_jd,stage,latency_jumps,0,0.0019662499835249037,nan,28,14
v2.2.0,era,bcp_jd,stage,jitter,0,0.03150449998793192,nan,28,14
v2.2.0,era,bcp_jd,stage,inference,0,0.00010370899690315127,nan,28,14
v2.2.0,era,bcp_jd,stage,other,0,0.055712750036036596,nan,28,14
v2.2.0,era,bcp_jd,cli,total,1,2.5888601659971755,470.625,28,14
v2.2.0,era,bcp_jd,stage,import,1,0.7123217910120729,nan,28,14
v2.2.0,era,bcp_jd,stage,load,1,0.12244700000155717,nan,28,14
v2.2.0,era,bcp_jd,stage,change_points,1,0.9558905829908326,nan,28,14
v2.2.0,era,bcp_jd,stage,latency_jumps,1,0.0007036669994704425,nan,28,14
v2.2.0,era,bcp_jd,stage,jitter,1,0.03058587500709109,nan,28,14
v2.2.0,era,bcp_jd,stage,inference,1,0.00010699999984353781,nan,28,14
v2.2.0,era,bcp_jd,stage,other,1,0.05498816698673181,nan,28,14
v2.2.0,era,bcp_jd,cli,total,2,2.6109860420110635,467.0,28,14
v2.2.0,era,bcp_jd,stage,import,2,0.7525597919884603,nan,28,14
v2.2.0,era,bcp_jd,stage,load,2,0.12106083400431089,nan,28,14
v2.2.0,era,bcp_jd,stage,change_points,2,0.970206625002902,nan,28,14
v2.2.0,era,bcp_jd,stage,latency_jumps,2,0.0007313750102184713,nan,28,14
v2.2.0,era,bcp_jd,stage,jitter,2,0.031561541982227936,nan,28,14
v2.2.0,era,bcp_jd,stage,inference,2,0.00011458300286903977,nan,28,14
v2.2.0,era,bcp_jd,stage,other,2,0.05555274899234064,nan,28,14
v2.2.0,era,bcp_jd,cli,total,3,2.6196675420214888,469.59375,28,14
v2.2.0,era,bcp_jd,cli,total,4,2.783200667006895,472.921875,28,14
v2.2.0,era,ruptures_jd,cli,total,0,1.2367520410043653,253.125,22,11
v2.2.0,era,ruptures_jd,stage,import,0,0.6864134159986861,nan,22,11
v2.2.0,era,ruptures_jd,stage,load,0,0.10251362499548122,nan,22,11
v2.2.0,era,ruptures_jd,stage,change_points,0,0.05359983301605098,nan,22,11
v2.2.0,era,ruptures_jd,stage,latency_jumps,0,0.0005554160161409527,nan,22,11
v2.2.0,era,ruptures_jd,stage,jitter,0,0.030124249984510243,nan,22,11
v2.2.0,era,ruptures_jd,stage,inference,0,7.529201684519649e-05,nan,22,11
v2.2.0,era,ruptures_jd,stage,other,0,0.05385091798962094,nan,22,11
v2.2.0,era,ruptures_jd,cli,total,1,1.1921568340039812,252.953125,22,11
v2.2.0,era,ruptures_jd,stage,import,1,0.6879617500235327,nan,22,11
v2.2.0,era,ruptures_jd,stage,load,1,0.10718600000836886,nan,22,11
v2.2.0,era,ruptures_jd,stage,change_points,1,0.05599391699070111,nan,22,11
v2.2.0,era,ruptures_jd,stage,latency_jumps,1,0.0005590830114670098,nan,22,11
v2.2.0,era,ruptures_jd,stage,jitter,1,0.030330292007420212,nan,22,11
v2.2.0,era,ruptures_jd,stage,inference,1,8.433300536125898e-05,nan,22,11
v2.2.0,era,ruptures_jd,stage,other,1,0.055080999969504774,nan,22,11
v2.2.0,era,ruptures_jd,cli,total,2,1.1895997079845984,252.6875,22,11
v2.2.0,era,ruptures_jd,stage,import,2,0.6785729160183109,nan,22,11
v2.2.0,era,ruptures_jd,stage,load,2,0.10461179199046455,nan,22,11
v2.2.0,era,ruptures_jd,stage,change_points,2,0.05519041701336391,nan,22,11
v2.2.0,era,ruptures_jd,stage,latency_jumps,2,0.000543333007954061,nan,22,11
v2.2.0,era,ruptures_jd,stage,jitter,2,0.029544209013693035,nan,22,11
v2.2.0,era,ruptures_jd,stage,inference,2,7.474998710677028e-05,nan,22,11
v2.2.0,era,ruptures_jd,stage,other,2,0.05402445700019598,nan,22,11
v2.2.0,era,ruptures_jd,cli,total,3,1.3001939580135513,250.234375,22,11
v2.2.0,era,ruptures_jd,cli,total,4,1.2163331249903422,251.484375,22,11
v2.3.0,era,bcp_jd,cli,total,0,2.930510707985377,468.703125,28,14
v2.3.0,era,bcp_jd,stage,import,0,0.6870794999995269,nan,28,14
v2.3.0,era,bcp_jd,stage,load,0,0.12381629200535826,nan,28,14
v2.3.0,era,bcp_jd,stage,change_points,0,0.8005264169769362,nan,28,14
v2.3.0,era,bcp_jd,stage,latency_jumps,0,0.0008102089923340827,nan,28,14
v2.3.0,era,bcp_jd,stage,jitter,0,0.03414433400030248,nan,28,14
v2.3.0,era,bcp_jd,stage,inference,0,0.000145500001963228,nan,28,14
v2.3.0,era,bcp_jd,stage,other,0,0.05659995600581169,nan,28,14
v2.3.0,era,bcp_jd,cli,total,1,2.5977371250046417,468.796875,28,14
v2.3.0,era,bcp_jd,stage,import,1,0.6795145830255933,nan,28,14
v2.3.0,era,bcp_jd,stage,load,1,0.12308233301155269,nan,28,14
v2.3.0,era,bcp_jd,stage,change_points,1,0.7884509160066955,nan,28,14
v2.3.0,era,bcp_jd,stage,latency_jumps,1,0.0007249579939525574,nan,28,14
v2.3.0,era,bcp_jd,stage,jitter,1,0.03060704201925546,nan,28,14
v2.3.0,era,bcp_jd,stage,inference,1,0.00010445801308378577,nan,28,14
v2.3.0,era,bcp_jd,stage,other,1,0.055876501952297986,nan,28,14
v2.3.0,era,bcp_jd,cli,total,2,2.637471915979404,473.53125,28,14
v2.3.0,era,bcp_jd,stage,import,2,0.6847244999953546,nan,28,14
v2.3.0,era,bcp_jd,stage,load,2,0.12354749999940395,nan,28,14
v2.3.0,era,bcp_jd,stage,change_points,2,0.7866932080069091,nan,28,14
v2.3.0,era,bcp_jd,stage,latency_jumps,2,0.0007590420136693865,nan,28,14
v2.3.0,era,bcp_jd,stage,jitter,2,0.030564083019271493,nan,28,14
v2.3.0,era,bcp_jd,stage,inference,2,0.00010912498692050576,nan,28,14
v2.3.0,era,bcp_jd,stage,other,2,0.05557116697309539,nan,28,14
v2.3.0,era,bcp_jd,cli,total,3,2.6240700829948764,471.015625,28,14
v2.3.0,era,bcp_jd,cli,total,4,2.6520420000015292,471.34375,28,14
v2.3.0,era,ruptures_jd,cli,total,0,1.22957366600167,249.09375,22,11
v2.3.0,era,ruptures_jd,stage,import,0,0.6771482920157723,nan,22,11
v2.3.0,era,ruptures_jd,stage,load,0,0.1029969590017572,nan,22,11
v2.3.0,era,ruptures_jd,stage,change_points,0,0.05306045801262371,nan,22,11
v2.3.0,era,ruptures_jd,stage,latency_jumps,0,0.0005523749860003591,nan,22,11
v2.3.0,era,ruptures_jd,stage,jitter,0,0.029487416992196813,nan,22,11
v2.3.0,era,ruptures_jd,stage,inference,0,7.262500002980232e-05,nan,22,11
v2.3.0,era,ruptures_jd,stage,other,0,0.05492608301574364,nan,22,11
v2.3.0,era,ruptures_jd,cli,total,1,1.2087038749887142,255.765625,22,11
v2.3.0,era,ruptures_jd,stage,import,1,0.7168616249982733,nan,22,11
v2.3.0,era,ruptures_jd,stage,load,1,0.10307883299537934,nan,22,11
v2.3.0,era,ruptures_jd,stage,change_points,1,0.05348550001508556,nan,22,11
v2.3.0,era,ruptures_jd,stage,latency_jumps,1,0.0005458749947138131,nan,22,11
v2.3.0,era,ruptures_jd,stage,jitter,1,0.029426417022477835,nan,22,11
v2.3.0,era,ruptures_jd,stage,inference,1,7.887498941272497e-05,nan,22,11
v2.3.0,era,ruptures_jd,stage,other,1,0.054441124986624345,nan,22,11
v2.3.0,era,ruptures_jd,cli,total,2,1.2009035839873832,257.53125,22,11
v2.3.0,era,ruptures_jd,stage,import,2,0.7019993750145659,nan,22,11
v2.3.0,era,ruptures_jd,stage,load,2,0.10787245800020173,nan,22,11
v2.3.0,era,ruptures_jd,stage,change_points,2,0.054590415995335206,nan,22,11
v2.3.0,era,ruptures_jd,stage,latency_jumps,2,0.0005475840007420629,nan,22,11
v2.3.0,era,ruptures_jd,stage,jitter,2,0.029455458017764613,nan,22,11
v2.3.0,era,ruptures_jd,stage,inference,2,7.395900320261717e-05,nan,22,11
v2.3.0,era,ruptures_jd,stage,other,2,0.053924124978948385,nan,22,11
v2.3.0,era,ruptures_jd,cli,total,3,1.1893354999774601,253.15625,22,11
v2.3.0,era,ruptures_jd,cli,total,4,1.2501794160052668,252.578125,22,11
v2.0.0,era,ruptures_jd,cli,total,0,1.9628614590037614,277.625,22,11
v2.0.0,era,ruptures_jd,stage,import,0,0.6059429160086438,nan,22,11
v2.0.0,era,ruptures_jd,stage,load,0,0.7623503750073723,nan,22,11
v2.0.0,era,ruptures_jd,stage,change_points,0,0.0636468330048956,nan,22,11
v2.0.0,era,ruptures_jd,stage,latency_jumps,0,0.0006562919879797846,nan,22,11
v2.0.0,era,ruptures_jd,stage,jitter,0,0.03232533298432827,nan,22,11
v2.0.0,era,ruptures_jd,stage,inference,0,8.745800005272031e-05,nan,22,11
v2.0.0,era,ruptures_jd,stage,other,0,0.06235529200057499,nan,22,11
v2.0.0,era,ruptures_jd,cli,total,1,1.9107749999966472,268.328125,22,11
v2.0.0,era,ruptures_jd,stage,import,1,0.6011001249717083,nan,22,11
v2.0.0,era,ruptures_jd,stage,load,1,0.7265150000166614,nan,22,11
v2.0.0,era,ruptures_jd,stage,change_points,1,0.05544458300573751,nan,22,11
v2.0.0,era,ruptures_jd,stage,latency_jumps,1,0.0005894170026294887,nan,22,11
v2.0.0,era,ruptures_jd,stage,jitter,1,0.03186195800662972,nan,22,11
v2.0.0,era,ruptures_jd,stage,inference,1,7.866599480621517e-05,nan,22,11
v2.0.0,era,ruptures_jd,stage,other,1,0.06039220897946507,nan,22,11
v2.0.0,era,ruptures_jd,cli,total,2,1.9386124169977847,285.0,22,11
v2.0.0,era,ruptures_jd,stage,import,2,0.5967522920109332,nan,22,11
v2.0.0,era,ruptures_jd,stage,load,2,0.7821517090196721,nan,22,11
v2.0.0,era,ruptures_jd,stage,change_points,2,0.055747165984939784,nan,22,11
v2.0.0,era,ruptures_jd,stage,latency_jumps,2,0.0006043340254109353,nan,22,11
v2.0.0,era,ruptures_jd,stage,jitter,2,0.032430458028102294,nan,22,11
v2.0.0,era,ruptures_jd,stage,inference,2,8.425000123679638e-05,nan,22,11
v2.0.0,era,ruptures_jd,stage,other,2,0.059249040932627395,nan,22,11
v2.0.0,era,ruptures_jd,cli,total,3,1.9111522090097424,275.8125,22,11
v2.0.0,era,ruptures_jd,cli,total,4,1.9361646249890327,272.125,22,11
v1.0.0,current,bcp_jd,cli,total,0,2.4997202079975978,409.59375,28,14
v1.0.0,current,bcp_jd,stage,import,0,1.2099916669831146,nan,28,14
v1.0.0,current,bcp_jd,stage,load,0,0.008518582995748147,nan,28,14
v1.0.0,current,bcp_jd,stage,change_points,0,0.8043000829929952,nan,28,14
v1.0.0,current,bcp_jd,stage,latency_jumps,0,0.0003453749814070761,nan,28,14
v1.0.0,current,bcp_jd,stage,jitter,0,0.02957074998994358,nan,28,14
v1.0.0,current,bcp_jd,stage,inference,0,1.2749980669468641e-05,nan,28,14
v1.0.0,current,bcp_jd,stage,other,0,0.00021054304670542479,nan,28,14
v1.0.0,current,bcp_jd,cli,total,1,2.5472520840121433,408.375,28,14
v1.0.0,current,bcp_jd,stage,import,1,1.234219125006348,nan,28,14
v1.0.0,current,bcp_jd,stage,load,1,0.008575624990044162,nan,28,14
v1.0.0,current,bcp_jd,stage,change_points,1,0.8007422910013702,nan,28,14
v1.0.0,current,bcp_jd,stage,latency_jumps,1,0.000349667010596022,nan,28,14
v1.0.0,current,bcp_jd,stage,jitter,1,0.0300785829895176,nan,28,14
v1.0.0,current,bcp_jd,stage,inference,1,1.200000406242907e-05,nan,28,14
v1.0.0,current,bcp_jd,stage,other,1,0.00020925002172589302,nan,28,14
v1.0.0,current,bcp_jd,cli,total,2,2.310303624981316,410.890625,28,14
v1.0.0,current,bcp_jd,stage,import,2,1.224407333007548,nan,28,14
v1.0.0,current,bcp_jd,stage,load,2,0.008612000005086884,nan,28,14
v1.0.0,current,bcp_jd,stage,change_points,2,0.8133195840055123,nan,28,14
v1.0.0,current,bcp_jd,stage,latency_jumps,2,0.0003574590082280338,nan,28,14
v1.0.0,current,bcp_jd,stage,jitter,2,0.029164666979340836,nan,28,14
v1.0.0,current,bcp_jd,stage,inference,2,1.262497971765697e-05,nan,28,14
v1.0.0,current,bcp_jd,stage,other,2,0.00022020601318217814,nan,28,14
v1.0.0,current,bcp_jd,cli,total,3,2.3275395840173587,408.703125,28,14
v1.0.0,current,bcp_jd,cli,total,4,2.3770341250055935,408.078125,28,14
v2.0.0,current,bcp_jd,cli,total,0,3.7809682079823688,476.03125,28,14
v2.0.0,current,bcp_jd,stage,import,0,0.7018529589986429,nan,28,14
v2.0.0,current,bcp_jd,stage,load,0,0.728885624994291,nan,28,14
v2.0.0,current,bcp_jd,stage,change_points,0,0.7774621249991469,nan,28,14
v2.0.0,current,bcp_jd,stage,latency_jumps,0,0.000712334003765136,nan,28,14
v2.0.0,current,bcp_jd,stage,jitter,0,0.029598666995298117,nan,28,14
v2.0.0,current,bcp_jd,stage,inference,0,9.841599967330694e-05,nan,28,14
v2.0.0,current,bcp_jd,stage,other,0,0.054022291995352134,nan,28,14
v2.0.0,current,bcp_jd,cli,total,1,3.3807929169852287,470.796875,28,14
v2.0.0,current,bcp_jd,stage,import,1,0.7025382080173586,nan,28,14
v2.0.0,current,bcp_jd,stage,load,1,0.7221397079993039,nan,28,14
v2.0.0,current,bcp_jd,stage,change_points,1,0.9676315420074388,nan,28,14
v2.0.0,current,bcp_jd,stage,latency_jumps,1,0.0007178749947343022,nan,28,14
v2.0.0,current,bcp_jd,stage,jitter,1,0.030307750013889745,nan,28,14
v2.0.0,current,bcp_jd,stage,inference,1,0.00010054101585410535,nan,28,14
v2.0.0,current,bcp_jd,stage,other,1,0.05466308398172259,nan,28,14
v2.0.0,current,bcp_jd,cli,total,2,3.23119604200474,473.0625,28,14
v2.0.0,current,bcp_jd,stage,import,2,0.7078205839789007,nan,28,14
v2.0.0,current,bcp_jd,stage,load,2,0.7403723339957651,nan,28,14
v2.0.0,current,bcp_jd,stage,change_points,2,0.8087315840239171,nan,28,14
v2.0.0,current,bcp_jd,stage,latency_jumps,2,0.0007102499948814511,nan,28,14
v2.0.0,current,bcp_jd,stage,jitter,2,0.029892834019847214,nan,28,14
v2.0.0,current,bcp_jd,stage,inference,2,9.479199070483446e-05,nan,28,14
v2.0.0,current,bcp_jd,stage,other,2,0.05530691397143528,nan,28,14
v2.0.0,current,bcp_jd,cli,total,3,3.2548724169901107,474.578125,28,14
v2.0.0,current,bcp_jd,cli,total,4,3.2749630000034813,471.8125,28,14
v2.0.0,current,ruptures_jd,cli,total,0,1.8596734589955304,249.375,22,11
v2.0.0,current,ruptures_jd,stage,import,0,0.7217404159891885,nan,22,11
v2.0.0,current,ruptures_jd,stage,load,0,0.7034098340081982,nan,22,11
v2.0.0,current,ruptures_jd,stage,change_points,0,0.05356358300196007,nan,22,11
v2.0.0,current,ruptures_jd,stage,latency_jumps,0,0.0005472080083563924,nan,22,11
v2.0.0,current,ruptures_jd,stage,jitter,0,0.02926062501501292,nan,22,11
v2.0.0,current,ruptures_jd,stage,inference,0,7.920799544081092e-05,nan,22,11
v2.0.0,current,ruptures_jd,stage,other,0,0.098170291952556,nan,22,11
v2.0.0,current,ruptures_jd,cli,total,1,1.8164759159844834,252.453125,22,11
v2.0.0,current,ruptures_jd,stage,import,1,0.7023770419764332,nan,22,11
v2.0.0,current,ruptures_jd,stage,load,1,0.704048125015106,nan,22,11
v2.0.0,current,ruptures_jd,stage,change_points,1,0.05325708299642429,nan,22,11
v2.0.0,current,ruptures_jd,stage,latency_jumps,1,0.0005580420256592333,nan,22,11
v2.0.0,current,ruptures_jd,stage,jitter,1,0.030167624994646758,nan,22,11
v2.0.0,current,ruptures_jd,stage,inference,1,9.137499728240073e-05,nan,22,11
v2.0.0,current,ruptures_jd,stage,other,1,0.09763904198189266,nan,22,11
v2.0.0,current,ruptures_jd,cli,total,2,1.8913751670042984,254.4375,22,11
v2.0.0,current,ruptures_jd,stage,import,2,0.6960219589818735,nan,22,11
v2.0.0,current,ruptures_jd,stage,load,2,0.7061541660223156,nan,22,11
v2.0.0,current,ruptures_jd,stage,change_points,2,0.05324720899807289,nan,22,11
v2.0.0,current,ruptures_jd,stage,latency_jumps,2,0.0005515000084415078,nan,22,11
v2.0.0,current,ruptures_jd,stage,jitter,2,0.029486290994100273,nan,22,11
v2.0.0,current,ruptures_jd,stage,inference,2,8.274998981505632e-05,nan,22,11
v2.0.0,current,ruptures_jd,stage,other,2,0.09785804199054837,nan,22,11
v2.0.0,current,ruptures_jd,cli,total,3,1.8417795409914106,263.09375,22,11
v2.0.0,current,ruptures_jd,cli,total,4,1.8295492909965105,249.59375,22,11
v2.1.0,current,bcp_jd,cli,total,0,3.045862708997447,469.234375,28,14
v2.1.0,current,bcp_jd,stage,import,0,0.6767368750006426,nan,28,14
v2.1.0,current,bcp_jd,stage,load,0,0.12050083398935385,nan,28,14
v2.1.0,current,bcp_jd,stage,change_points,0,0.7794262079987675,nan,28,14
v2.1.0,current,bcp_jd,stage,latency_jumps,0,0.0007047080143820494,nan,28,14
v2.1.0,current,bcp_jd,stage,jitter,0,0.0303488330100663,nan,28,14
v2.1.0,current,bcp_jd,stage,inference,0,9.954199776984751e-05,nan,28,14
v2.1.0,current,bcp_jd,stage,other,0,0.05404733298928477,nan,28,14
v2.1.0,current,bcp_jd,cli,total,1,2.7244410830026027,468.703125,28,14
v2.1.0,current,bcp_jd,stage,import,1,0.6807779170048889,nan,28,14
v2.1.0,current,bcp_jd,stage,load,1,0.12114383300649934,nan,28,14
v2.1.0,current,bcp_jd,stage,change_points,1,0.7812733339960687,nan,28,14
v2.1.0,current,bcp_jd,stage,latency_jumps,1,0.0007051249849610031,nan,28,14
v2.1.0,current,bcp_jd,stage,jitter,1,0.029608083015773445,nan,28,14
v2.1.0,current,bcp_jd,stage,inference,1,9.683400276117027e-05,nan,28,14
v2.1.0,current,bcp_jd,stage,other,1,0.05542241598595865,nan,28,14
v2.1.0,current,bcp_jd,cli,total,2,2.6882919580093585,473.4375,28,14
v2.1.0,current,bcp_jd,stage,import,2,0.680530333018396,nan,28,14
v2.1.0,current,bcp_jd,stage,load,2,0.12081808299990371,nan,28,14
v2.1.0,current,bcp_jd,stage,change_points,2,0.7799486669828184,nan,28,14
v2.1.0,current,bcp_jd,stage,latency_jumps,2,0.0007105419936124235,nan,28,14
v2.1.0,current,bcp_jd,stage,jitter,2,0.030236874998081475,nan,28,14
v2.1.0,current,bcp_jd,stage,inference,2,9.962500189431012e-05,nan,28,14
v2.1.0,current,bcp_jd,stage,other,2,0.05561062501510605,nan,28,14
v2.1.0,current,bcp_jd,cli,total,3,2.6929444579873234,471.734375,28,14
v2.1.0,current,bcp_jd,cli,total,4,2.6113121660018805,468.421875,28,14
v2.1.0,current,ruptures_jd,cli,total,0,1.3080591660109349,255.234375,22,11
v2.1.0,current,ruptures_jd,stage,import,0,0.7100907499843743,nan,22,11
v2.1.0,current,ruptures_jd,stage,load,0,0.10330408299341798,nan,22,11
v2.1.0,current,ruptures_jd,stage,change_points,0,0.0536217910121195,nan,22,11
v2.1.0,current,ruptures_jd,stage,latency_jumps,0,0.0005547920009121299,nan,22,11
v2.1.0,current,ruptures_jd,stage,jitter,0,0.02966974998707883,nan,22,11
v2.1.0,current,ruptures_jd,stage,inference,0,8.349999552592635e-05,nan,22,11
v2.1.0,current,ruptures_jd,stage,other,0,0.05497283401200548,nan,22,11
v2.1.0,current,ruptures_jd,cli,total,1,1.1865640420001,251.296875,22,11
v2.1.0,current,ruptures_jd,stage,import,1,0.6769296660204418,nan,22,11
v2.1.0,current,ruptures_jd,stage,load,1,0.11377066699787974,nan,22,11
v2.1.0,current,ruptures_jd,stage,change_points,1,0.057592582976212725,nan,22,11
v2.1.0,current,ruptures_jd,stage,latency_jumps,1,0.0005872920155525208,nan,22,11
v2.1.0,current,ruptures_jd,stage,jitter,1,0.030310790985822678,nan,22,11
v2.1.0,current,ruptures_jd,stage,inference,1,8.908301242627203e-05,nan,22,11
v2.1.0,current,ruptures_jd,stage,other,1,0.05694945901632309,nan,22,11
v2.1.0,current,ruptures_jd,cli,total,2,1.2015260420157574,250.6875,22,11
v2.1.0,current,ruptures_jd,stage,import,2,0.6929248750093393,nan,22,11
v2.1.0,current,ruptures_jd,stage,load,2,0.1054442499880679,nan,22,11
v2.1.0,current,ruptures_jd,stage,change_points,2,0.05589029099792242,nan,22,11
v2.1.0,current,ruptures_jd,stage,latency_jumps,2,0.0006530410028062761,nan,22,11
v2.1.0,current,ruptures_jd,stage,jitter,2,0.03044116700766608,nan,22,11
v2.1.0,current,ruptures_jd,stage,inference,2,8.37499974295497e-05,nan,22,11
v2.1.0,current,ruptures_jd,stage,other,2,0.05587783400551416,nan,22,11
v2.1.0,current,ruptures_jd,cli,total,3,1.1908952500089072,248.8125,22,11
v2.1.0,current,ruptures_jd,cli,total,4,1.204274957999587,253.390625,22,11
v2.1.1,current,bcp_jd,cli,total,0,2.920402334013488,470.625,28,14
v2.1.1,current,bcp_jd,stage,import,0,0.6795997500012163,nan,28,14
v2.1.1,current,bcp_jd,stage,load,0,0.12132195799495094,nan,28,14
v2.1.1,current,bcp_jd,stage,change_points,0,0.7937749169941526,nan,28,14
v2.1.1,current,bcp_jd,stage,latency_jumps,0,0.000694582995492965,nan,28,14
v2.1.1,current,bcp_jd,stage,jitter,0,0.030584708001697436,nan,28,14
v2.1.1,current,bcp_jd,stage,inference,0,0.00010166698484681547,nan,28,14
v2.1.1,current,bcp_jd,stage,other,0,0.05473866703687236,nan,28,14
v2.1.1,current,bcp_jd,cli,total,1,2.632674833002966,470.03125,28,14
v2.1.1,current,bcp_jd,stage,import,1,0.7192963749985211,nan,28,14
v2.1.1,current,bcp_jd,stage,load,1,0.12041437500738539,nan,28,14
v2.1.1,current,bcp_jd,stage,change_points,1,0.7708893749804702,nan,28,14
v2.1.1,current,bcp_jd,stage,latency_jumps,1,0.0006998330063652247,nan,28,14
v2.1.1,current,bcp_jd,stage,jitter,1,0.030695291992742568,nan,28,14
v2.1.1,current,bcp_jd,stage,inference,1,9.779198444448411e-05,nan,28,14
v2.1.1,current,bcp_jd,stage,other,1,0.05424870803835802,nan,28,14
v2.1.1,current,bcp_jd,cli,total,2,2.6240688750112895,467.140625,28,14
v2.1.1,current,bcp_jd,stage,import,2,0.6821048749843612,nan,28,14
v2.1.1,current,bcp_jd,stage,load,2,0.12086354198982008,nan,28,14
v2.1.1,current,bcp_jd,stage,change_points,2,0.7860728749947157,nan,28,14
v2.1.1,current,bcp_jd,stage,latency_jumps,2,0.0007008750108070672,nan,28,14
v2.1.1,current,bcp_jd,stage,jitter,2,0.029605916992295533,nan,28,14
v2.1.1,current,bcp_jd,stage,inference,2,9.645899990573525e-05,nan,28,14
v2.1.1,current,bcp_jd,stage,other,2,0.053950124012771994,nan,28,14
v2.1.1,current,bcp_jd,cli,total,3,2.63586720902822,469.53125,28,14
v2.1.1,current,bcp_jd,cli,total,4,2.644484459015075,468.28125,28,14
v2.1.1,current,ruptures_jd,cli,total,0,1.267437083995901,250.3125,22,11
v2.1.1,current,ruptures_jd,stage,import,0,0.6900692920025904,nan,22,11
v2.1.1,current,ruptures_jd,stage,load,0,0.10608062500250526,nan,22,11
v2.1.1,current,ruptures_jd,stage,change_points,0,0.055668874992989004,nan,22,11
v2.1.1,current,ruptures_jd,stage,latency_jumps,0,0.0005506669986061752,nan,22,11
v2.1.1,current,ruptures_jd,stage,jitter,0,0.029601375019410625,nan,22,11
v2.1.1,current,ruptures_jd,stage,inference,0,8.304102811962366e-05,nan,22,11
v2.1.1,current,ruptures_jd,stage,other,0,0.054317957954481244,nan,22,11
v2.1.1,current,ruptures_jd,cli,total,1,1.2091707499930635,252.3125,22,11
v2.1.1,current,ruptures_jd,stage,import,1,0.6782659589953255,nan,22,11
v2.1.1,current,ruptures_jd,stage,load,1,0.10268295797868632,nan,22,11
v2.1.1,current,ruptures_jd,stage,change_points,1,0.053825083014089614,nan,22,11
v2.1.1,current,ruptures_jd,stage,latency_jumps,1,0.0005529579939320683,nan,22,11
v2.1.1,current,ruptures_jd,stage,jitter,1,0.02971654199063778,nan,22,11
v2.1.1,current,ruptures_jd,stage,inference,1,8.091700146906078e-05,nan,22,11
v2.1.1,current,ruptures_jd,stage,other,1,0.055232000013347715,nan,22,11
v2.1.1,current,ruptures_jd,cli,total,2,1.2028626659885049,256.359375,22,11
v2.1.1,current,ruptures_jd,stage,import,2,0.6983564170077443,nan,22,11
v2.1.1,current,ruptures_jd,stage,load,2,0.10814191700774245,nan,22,11
v2.1.1,current,ruptures_jd,stage,change_points,2,0.05966483399970457,nan,22,11
v2.1.1,current,ruptures_jd,stage,latency_jumps,2,0.0006281250098254532,nan,22,11
v2.1.1,current,ruptures_jd,stage,jitter,2,0.03358958300668746,nan,22,11
v2.1.1,current,ruptures_jd,stage,inference,2,8.787499973550439e-05,nan,22,11
v2.1.1,current,ruptures_jd,stage,other,2,0.061644248955417424,nan,22,11
v2.1.1,current,ruptures_jd,cli,total,3,1.1891478750039823,253.75,22,11
v2.1.1,current,ruptures_jd,cli,total,4,1.2066443749936298,251.765625,22,11
v2.2.0,current,bcp_jd,cli,total,0,3.0044158330128994,468.046875,28,14
v2.2.0,current,bcp_jd,stage,import,0,0.6862015830120072,nan,28,14
v2.2.0,current,bcp_jd,stage,load,0,0.12319466698681936,nan,28,14
v2.2.0,current,bcp_jd,stage,change_points,0,0.8734060000278987,nan,28,14
v2.2.0,current,bcp_jd,stage,latency_jumps,0,0.0007225840236060321,nan,28,14
v2.2.0,current,bcp_jd,stage,jitter,0,0.030614207993494347,nan,28,14
v2.2.0,current,bcp_jd,stage,inference,0,0.00010466700769029558,nan,28,14
v2.2.0,current,bcp_jd,stage,other,0,0.05541720797191374,nan,28,14
v2.2.0,current,bcp_jd,cli,total,1,2.6193807079980616,469.046875,28,14
v2.2.0,current,bcp_jd,stage,import,1,0.6756643340049777,nan,28,14
v2.2.0,current,bcp_jd,stage,load,1,0.12043208300019614,nan,28,14
v2.2.0,current,bcp_jd,stage,change_points,1,0.8810389999998733,nan,28,14
v2.2.0,current,bcp_jd,stage,latency_jumps,1,0.0007144999981392175,nan,28,14
v2.2.0,current,bcp_jd,stage,jitter,1,0.03068066600826569,nan,28,14
v2.2.0,current,bcp_jd,stage,inference,1,0.00010958299390040338,nan,28,14
v2.2.0,current,bcp_jd,stage,other,1,0.05485087601118721,nan,28,14
v2.2.0,current,bcp_jd,cli,total,2,2.5857714580197353,470.296875,28,14
v2.2.0,current,bcp_jd,stage,import,2,0.6806271669920534,nan,28,14
v2.2.0,current,bcp_jd,stage,load,2,0.12028958299197257,nan,28,14
v2.2.0,current,bcp_jd,stage,change_points,2,0.8849122500105295,nan,28,14
v2.2.0,current,bcp_jd,stage,latency_jumps,2,0.0007391249819193035,nan,28,14
v2.2.0,current,bcp_jd,stage,jitter,2,0.030229500000132248,nan,28,14
v2.2.0,current,bcp_jd,stage,inference,2,0.000104957987787202,nan,28,14
v2.2.0,current,bcp_jd,stage,other,2,0.05462970901862718,nan,28,14
v2.2.0,current,bcp_jd,cli,total,3,2.701587666000705,470.75,28,14
v2.2.0,current,bcp_jd,cli,total,4,2.8032722499920055,468.703125,28,14
v2.2.0,current,ruptures_jd,cli,total,0,1.2783611670020036,249.84375,22,11
v2.2.0,current,ruptures_jd,stage,import,0,0.6809927500144113,nan,22,11
v2.2.0,current,ruptures_jd,stage,load,0,0.1035444579902105,nan,22,11
v2.2.0,current,ruptures_jd,stage,change_points,0,0.05376379200606607,nan,22,11
v2.2.0,current,ruptures_jd,stage,latency_jumps,0,0.0005667919758707285,nan,22,11
v2.2.0,current,ruptures_jd,stage,jitter,0,0.03019954200135544,nan,22,11
v2.2.0,current,ruptures_jd,stage,inference,0,7.829201058484614e-05,nan,22,11
v2.2.0,current,ruptures_jd,stage,other,0,0.05425449900212698,nan,22,11
v2.2.0,current,ruptures_jd,cli,total,1,1.1985062500170898,254.234375,22,11
v2.2.0,current,ruptures_jd,stage,import,1,0.6919709590147249,nan,22,11
v2.2.0,current,ruptures_jd,stage,load,1,0.10613508301321417,nan,22,11
v2.2.0,current,ruptures_jd,stage,change_points,1,0.05592983300448395,nan,22,11
v2.2.0,current,ruptures_jd,stage,latency_jumps,1,0.0005569169879890978,nan,22,11
v2.2.0,current,ruptures_jd,stage,jitter,1,0.03059937499347143,nan,22,11
v2.2.0,current,ruptures_jd,stage,inference,1,8.075000368990004e-05,nan,22,11
v2.2.0,current,ruptures_jd,stage,other,1,0.05545216699829325,nan,22,11
v2.2.0,current,ruptures_jd,cli,total,2,1.1962569580064155,254.34375,22,11
v2.2.0,current,ruptures_jd,stage,import,2,0.6860538340115454,nan,22,11
v2.2.0,current,ruptures_jd,stage,load,2,0.10382333400775678,nan,22,11
v2.2.0,current,ruptures_jd,stage,change_points,2,0.05321679200278595,nan,22,11
v2.2.0,current,ruptures_jd,stage,latency_jumps,2,0.0005403330142144114,nan,22,11
v2.2.0,current,ruptures_jd,stage,jitter,2,0.029623167007230222,nan,22,11
v2.2.0,current,ruptures_jd,stage,inference,2,8.270898251794279e-05,nan,22,11
v2.2.0,current,ruptures_jd,stage,other,2,0.054149998002685606,nan,22,11
v2.2.0,current,ruptures_jd,cli,total,3,1.1823380830173846,249.453125,22,11
v2.2.0,current,ruptures_jd,cli,total,4,1.204825916007394,253.359375,22,11
v2.3.0,current,bcp_jd,cli,total,0,3.091835750004975,469.125,28,14
v2.3.0,current,bcp_jd,stage,import,0,0.6960420000250451,nan,28,14
v2.3.0,current,bcp_jd,stage,load,0,0.12024212500546128,nan,28,14
v2.3.0,current,bcp_jd,stage,change_points,0,0.7648605830036104,nan,28,14
v2.3.0,current,bcp_jd,stage,latency_jumps,0,0.0007183749985415488,nan,28,14
v2.3.0,current,bcp_jd,stage,jitter,0,0.03086437500314787,nan,28,14
v2.3.0,current,bcp_jd,stage,inference,0,0.00010037500760518014,nan,28,14
v2.3.0,current,bcp_jd,stage,other,0,0.05474666698137298,nan,28,14
v2.3.0,current,bcp_jd,cli,total,1,2.604105874983361,474.53125,28,14
v2.3.0,current,bcp_jd,stage,import,1,0.6881789580220357,nan,28,14
v2.3.0,current,bcp_jd,stage,load,1,0.12406245898455381,nan,28,14
v2.3.0,current,bcp_jd,stage,change_points,1,0.7601456670090556,nan,28,14
v2.3.0,current,bcp_jd,stage,latency_jumps,1,0.0007090830185916275,nan,28,14
v2.3.0,current,bcp_jd,stage,jitter,1,0.030371000000741333,nan,28,14
v2.3.0,current,bcp_jd,stage,inference,1,0.00010116698103956878,nan,28,14
v2.3.0,current,bcp_jd,stage,other,1,0.05516404000809416,nan,28,14
v2.3.0,current,bcp_jd,cli,total,2,2.5780580829887185,469.125,28,14
v2.3.0,current,bcp_jd,stage,import,2,0.6825412500184029,nan,28,14
v2.3.0,current,bcp_jd,stage,load,2,0.12483691700617783,nan,28,14
v2.3.0,current,bcp_jd,stage,change_points,2,0.766292667016387,nan,28,14
v2.3.0,current,bcp_jd,stage,latency_jumps,2,0.0007039170013740659,nan,28,14
v2.3.0,current,bcp_jd,stage,jitter,2,0.04811649999464862,nan,28,14
v2.3.0,current,bcp_jd,stage,inference,2,0.00010483301593922079,nan,28,14
v2.3.0,current,bcp_jd,stage,other,2,0.054858248971868306,nan,28,14
v2.3.0,current,bcp_jd,cli,total,3,2.598294541996438,470.5,28,14
v2.3.0,current,bcp_jd,cli,total,4,2.631936209014384,472.125,28,14
v2.3.0,current,ruptures_jd,cli,total,0,1.2647495419951156,252.046875,22,11
v2.3.0,current,ruptures_jd,stage,import,0,0.7576516249973793,nan,22,11
v2.3.0,current,ruptures_jd,stage,load,0,0.11415500001749024,nan,22,11
v2.3.0,current,ruptures_jd,stage,change_points,0,0.05364687499240972,nan,22,11
v2.3.0,current,ruptures_jd,stage,latency_jumps,0,0.0005595420079771429,nan,22,11
v2.3.0,current,ruptures_jd,stage,jitter,0,0.029221250006230548,nan,22,11
v2.3.0,current,ruptures_jd,stage,inference,0,7.437501335516572e-05,nan,22,11
v2.3.0,current,ruptures_jd,stage,other,0,0.053639749967260286,nan,22,11
v2.3.0,current,ruptures_jd,cli,total,1,1.2084389160154387,253.59375,22,11
v2.3.0,current,ruptures_jd,stage,import,1,0.6964172919979319,nan,22,11
v2.3.0,current,ruptures_jd,stage,load,1,0.10524350000196137,nan,22,11
v2.3.0,current,ruptures_jd,stage,change_points,1,0.05351320799672976,nan,22,11
v2.3.0,current,ruptures_jd,stage,latency_jumps,1,0.000545459013665095,nan,22,11
v2.3.0,current,ruptures_jd,stage,jitter,1,0.029710083006648347,nan,22,11
v2.3.0,current,ruptures_jd,stage,inference,1,8.254099520854652e-05,nan,22,11
v2.3.0,current,ruptures_jd,stage,other,1,0.05559904198162258,nan,22,11
v2.3.0,current,ruptures_jd,cli,total,2,1.196174417011207,251.90625,22,11
v2.3.0,current,ruptures_jd,stage,import,2,0.6805753330118023,nan,22,11
v2.3.0,current,ruptures_jd,stage,load,2,0.10364224997465499,nan,22,11
v2.3.0,current,ruptures_jd,stage,change_points,2,0.055100833997130394,nan,22,11
v2.3.0,current,ruptures_jd,stage,latency_jumps,2,0.0005623330071102828,nan,22,11
v2.3.0,current,ruptures_jd,stage,jitter,2,0.02966962501523085,nan,22,11
v2.3.0,current,ruptures_jd,stage,inference,2,8.079200051724911e-05,nan,22,11
v2.3.0,current,ruptures_jd,stage,other,2,0.056941165996249765,nan,22,11
v2.3.0,current,ruptures_jd,cli,total,3,1.1960137909918558,252.5,22,11
v2.3.0,current,ruptures_jd,cli,total,4,1.2290511659812182,253.484375,22,11
